Date,Timestamp,ISO8601,VO (mm),Since start (second)
07:42:51.234,1781160171.234,2026-06-11T07:42:51.234+0100,,0.000
07:43:02.536,1781160182.536,2026-06-11T07:43:02.536+0100,107,11.302
07:43:07.631,1781160187.631,2026-06-11T07:43:07.631+0100,110,16.396
07:43:12.725,1781160192.725,2026-06-11T07:43:12.725+0100,108,21.491
07:43:17.820,1781160197.820,2026-06-11T07:43:17.820+0100,112,26.585
07:43:22.914,1781160202.914,2026-06-11T07:43:22.914+0100,103,31.680
07:43:28.008,1781160208.008,2026-06-11T07:43:28.008+0100,108,36.774
07:43:33.103,1781160213.103,2026-06-11T07:43:33.103+0100,112,41.868
07:43:38.197,1781160218.197,2026-06-11T07:43:38.197+0100,105,46.963
07:43:43.291,1781160223.291,2026-06-11T07:43:43.291+0100,112,52.057
07:43:48.385,1781160228.385,2026-06-11T07:43:48.385+0100,107,57.151
07:43:53.480,1781160233.480,2026-06-11T07:43:53.480+0100,108,62.245
07:43:58.574,1781160238.574,2026-06-11T07:43:58.574+0100,102,67.340
07:44:03.668,1781160243.668,2026-06-11T07:44:03.668+0100,104,72.434
07:44:08.762,1781160248.762,2026-06-11T07:44:08.762+0100,110,77.528
07:44:13.857,1781160253.857,2026-06-11T07:44:13.857+0100,110,82.622
07:44:18.951,1781160258.951,2026-06-11T07:44:18.951+0100,107,87.717
07:44:24.045,1781160264.045,2026-06-11T07:44:24.045+0100,107,92.811
07:44:29.139,1781160269.139,2026-06-11T07:44:29.139+0100,109,97.905
07:44:34.233,1781160274.233,2026-06-11T07:44:34.233+0100,107,102.999
07:44:39.328,1781160279.328,2026-06-11T07:44:39.328+0100,106,108.093
07:44:44.422,1781160284.422,2026-06-11T07:44:44.422+0100,106,113.187
07:44:49.516,1781160289.516,2026-06-11T07:44:49.516+0100,112,118.282
07:44:54.610,1781160294.610,2026-06-11T07:44:54.610+0100,108,123.376
07:44:59.704,1781160299.704,2026-06-11T07:44:59.704+0100,109,128.470
07:45:04.798,1781160304.798,2026-06-11T07:45:04.798+0100,108,133.564
07:45:09.892,1781160309.892,2026-06-11T07:45:09.892+0100,106,138.658
07:45:14.986,1781160314.986,2026-06-11T07:45:14.986+0100,106,143.752
07:45:20.080,1781160320.080,2026-06-11T07:45:20.080+0100,111,148.846
07:45:25.174,1781160325.174,2026-06-11T07:45:25.174+0100,106,153.940
07:45:30.268,1781160330.268,2026-06-11T07:45:30.268+0100,107,159.034
07:45:35.362,1781160335.362,2026-06-11T07:45:35.362+0100,109,164.128
07:45:40.456,1781160340.456,2026-06-11T07:45:40.456+0100,106,169.222
07:45:45.550,1781160345.550,2026-06-11T07:45:45.550+0100,108,174.316
07:45:50.644,1781160350.644,2026-06-11T07:45:50.644+0100,112,179.410
07:45:55.738,1781160355.738,2026-06-11T07:45:55.738+0100,110,184.504
07:46:00.832,1781160360.832,2026-06-11T07:46:00.832+0100,108,189.598
07:46:05.926,1781160365.926,2026-06-11T07:46:05.926+0100,109,194.692
07:46:11.020,1781160371.020,2026-06-11T07:46:11.020+0100,108,199.786
07:46:16.114,1781160376.114,2026-06-11T07:46:16.114+0100,110,204.880
07:46:21.208,1781160381.208,2026-06-11T07:46:21.208+0100,112,209.974
07:46:26.302,1781160386.302,2026-06-11T07:46:26.302+0100,109,215.068
07:46:31.396,1781160391.396,2026-06-11T07:46:31.396+0100,112,220.162
07:46:36.490,1781160396.490,2026-06-11T07:46:36.490+0100,114,225.256
07:46:41.584,1781160401.584,2026-06-11T07:46:41.584+0100,108,230.350
07:46:46.678,1781160406.678,2026-06-11T07:46:46.678+0100,107,235.444
07:46:51.772,1781160411.772,2026-06-11T07:46:51.772+0100,112,240.537
07:46:56.866,1781160416.866,2026-06-11T07:46:56.866+0100,109,245.631
07:47:01.960,1781160421.960,2026-06-11T07:47:01.960+0100,112,250.725
07:47:07.053,1781160427.053,2026-06-11T07:47:07.053+0100,111,255.819
07:47:12.147,1781160432.147,2026-06-11T07:47:12.147+0100,109,260.913
07:47:17.241,1781160437.241,2026-06-11T07:47:17.241+0100,108,266.007
07:50:07.887,1781160607.887,2026-06-11T07:50:07.887+0100,104,436.653
07:50:12.981,1781160612.981,2026-06-11T07:50:12.981+0100,110,441.747
07:50:18.075,1781160618.075,2026-06-11T07:50:18.075+0100,107,446.840
07:50:23.169,1781160623.169,2026-06-11T07:50:23.169+0100,107,451.934
07:50:28.263,1781160628.263,2026-06-11T07:50:28.263+0100,103,457.028
07:50:33.356,1781160633.356,2026-06-11T07:50:33.356+0100,107,462.122
07:50:38.450,1781160638.450,2026-06-11T07:50:38.450+0100,101,467.216
07:50:43.544,1781160643.544,2026-06-11T07:50:43.544+0100,101,472.310
07:50:48.638,1781160648.638,2026-06-11T07:50:48.638+0100,99,477.404
07:50:53.732,1781160653.732,2026-06-11T07:50:53.732+0100,100,482.497
07:50:58.825,1781160658.825,2026-06-11T07:50:58.825+0100,100,487.591
07:51:03.919,1781160663.919,2026-06-11T07:51:03.919+0100,100,492.685
07:51:09.013,1781160669.013,2026-06-11T07:51:09.013+0100,98,497.779
07:51:14.107,1781160674.107,2026-06-11T07:51:14.107+0100,101,502.873
07:51:19.201,1781160679.201,2026-06-11T07:51:19.201+0100,102,507.966
07:51:24.294,1781160684.294,2026-06-11T07:51:24.294+0100,104,513.060
07:51:29.388,1781160689.388,2026-06-11T07:51:29.388+0100,105,518.154
07:51:34.482,1781160694.482,2026-06-11T07:51:34.482+0100,102,523.248
07:51:39.576,1781160699.576,2026-06-11T07:51:39.576+0100,99,528.341
07:51:44.669,1781160704.669,2026-06-11T07:51:44.669+0100,95,533.435
07:51:49.763,1781160709.763,2026-06-11T07:51:49.763+0100,91,538.529
07:51:54.857,1781160714.857,2026-06-11T07:51:54.857+0100,98,543.623
07:51:59.951,1781160719.951,2026-06-11T07:51:59.951+0100,103,548.716
07:52:05.044,1781160725.044,2026-06-11T07:52:05.044+0100,107,553.810
07:52:10.138,1781160730.138,2026-06-11T07:52:10.138+0100,111,558.904
07:52:15.232,1781160735.232,2026-06-11T07:52:15.232+0100,112,563.997
07:52:20.325,1781160740.325,2026-06-11T07:52:20.325+0100,112,569.091
07:52:25.419,1781160745.419,2026-06-11T07:52:25.419+0100,110,574.185
07:52:30.513,1781160750.513,2026-06-11T07:52:30.513+0100,111,579.279
07:52:35.607,1781160755.607,2026-06-11T07:52:35.607+0100,107,584.372
07:52:40.700,1781160760.700,2026-06-11T07:52:40.700+0100,108,589.466
07:52:45.794,1781160765.794,2026-06-11T07:52:45.794+0100,110,594.560
07:52:50.888,1781160770.888,2026-06-11T07:52:50.888+0100,111,599.653
07:52:55.981,1781160775.981,2026-06-11T07:52:55.981+0100,108,604.747
07:53:01.075,1781160781.075,2026-06-11T07:53:01.075+0100,110,609.841
07:53:06.169,1781160786.169,2026-06-11T07:53:06.169+0100,108,614.934
07:53:11.262,1781160791.262,2026-06-11T07:53:11.262+0100,103,620.028
07:53:16.356,1781160796.356,2026-06-11T07:53:16.356+0100,105,625.122
07:53:21.450,1781160801.450,2026-06-11T07:53:21.450+0100,104,630.215
07:53:26.543,1781160806.543,2026-06-11T07:53:26.543+0100,102,635.309
07:53:31.637,1781160811.637,2026-06-11T07:53:31.637+0100,103,640.403
07:53:36.731,1781160816.731,2026-06-11T07:53:36.731+0100,106,645.496
07:53:41.824,1781160821.824,2026-06-11T07:53:41.824+0100,109,650.590
07:53:46.918,1781160826.918,2026-06-11T07:53:46.918+0100,106,655.683
07:53:52.011,1781160832.011,2026-06-11T07:53:52.011+0100,106,660.777
07:53:57.105,1781160837.105,2026-06-11T07:53:57.105+0100,105,665.871
07:54:02.199,1781160842.199,2026-06-11T07:54:02.199+0100,103,670.964
07:54:07.292,1781160847.292,2026-06-11T07:54:07.292+0100,102,676.058
07:54:12.386,1781160852.386,2026-06-11T07:54:12.386+0100,104,681.152
07:54:17.479,1781160857.479,2026-06-11T07:54:17.479+0100,101,686.245
07:54:22.573,1781160862.573,2026-06-11T07:54:22.573+0100,100,691.339
07:54:27.667,1781160867.667,2026-06-11T07:54:27.667+0100,105,696.432
07:54:32.760,1781160872.760,2026-06-11T07:54:32.760+0100,104,701.526
07:54:37.854,1781160877.854,2026-06-11T07:54:37.854+0100,105,706.620
07:54:42.947,1781160882.947,2026-06-11T07:54:42.947+0100,103,711.713
07:54:48.041,1781160888.041,2026-06-11T07:54:48.041+0100,103,716.807
07:54:53.135,1781160893.135,2026-06-11T07:54:53.135+0100,103,721.900
07:55:03.322,1781160903.322,2026-06-11T07:55:03.322+0100,109,732.087
07:55:08.415,1781160908.415,2026-06-11T07:55:08.415+0100,103,737.181
07:55:13.509,1781160913.509,2026-06-11T07:55:13.509+0100,104,742.275
07:55:18.602,1781160918.602,2026-06-11T07:55:18.602+0100,100,747.368
07:55:23.696,1781160923.696,2026-06-11T07:55:23.696+0100,103,752.462
07:55:28.790,1781160928.790,2026-06-11T07:55:28.790+0100,104,757.555
07:55:33.883,1781160933.883,2026-06-11T07:55:33.883+0100,106,762.649
07:55:38.977,1781160938.977,2026-06-11T07:55:38.977+0100,104,767.742
07:55:44.070,1781160944.070,2026-06-11T07:55:44.070+0100,104,772.836
07:55:49.164,1781160949.164,2026-06-11T07:55:49.164+0100,104,777.930
07:55:54.257,1781160954.257,2026-06-11T07:55:54.257+0100,108,783.023
07:55:59.351,1781160959.351,2026-06-11T07:55:59.351+0100,106,788.117
07:56:04.445,1781160964.445,2026-06-11T07:56:04.445+0100,106,793.210
07:56:09.538,1781160969.538,2026-06-11T07:56:09.538+0100,106,798.304
07:56:14.632,1781160974.632,2026-06-11T07:56:14.632+0100,106,803.397
07:56:19.725,1781160979.725,2026-06-11T07:56:19.725+0100,105,808.491
07:56:24.819,1781160984.819,2026-06-11T07:56:24.819+0100,106,813.585
07:56:35.006,1781160995.006,2026-06-11T07:56:35.006+0100,111,823.772
07:56:40.099,1781161000.099,2026-06-11T07:56:40.099+0100,107,828.865
07:56:45.193,1781161005.193,2026-06-11T07:56:45.193+0100,107,833.959
07:56:50.286,1781161010.286,2026-06-11T07:56:50.286+0100,107,839.052
07:56:55.380,1781161015.380,2026-06-11T07:56:55.380+0100,99,844.146
07:57:00.474,1781161020.474,2026-06-11T07:57:00.474+0100,105,849.239
07:57:05.567,1781161025.567,2026-06-11T07:57:05.567+0100,109,854.333
07:57:10.660,1781161030.660,2026-06-11T07:57:10.660+0100,106,859.426
07:57:15.754,1781161035.754,2026-06-11T07:57:15.754+0100,107,864.520
07:57:20.847,1781161040.847,2026-06-11T07:57:20.847+0100,106,869.613
07:57:25.941,1781161045.941,2026-06-11T07:57:25.941+0100,105,874.707
07:57:31.034,1781161051.034,2026-06-11T07:57:31.034+0100,105,879.800
07:57:36.128,1781161056.128,2026-06-11T07:57:36.128+0100,105,884.894
07:57:41.221,1781161061.221,2026-06-11T07:57:41.221+0100,107,889.987
07:57:46.315,1781161066.315,2026-06-11T07:57:46.315+0100,105,895.080
07:57:51.408,1781161071.408,2026-06-11T07:57:51.408+0100,105,900.174
07:57:56.502,1781161076.502,2026-06-11T07:57:56.502+0100,106,905.267
07:58:01.595,1781161081.595,2026-06-11T07:58:01.595+0100,106,910.361
07:58:06.689,1781161086.689,2026-06-11T07:58:06.689+0100,108,915.454
07:58:11.782,1781161091.782,2026-06-11T07:58:11.782+0100,108,920.548
07:58:16.875,1781161096.875,2026-06-11T07:58:16.875+0100,103,925.641
07:58:21.969,1781161101.969,2026-06-11T07:58:21.969+0100,104,930.734
07:58:27.062,1781161107.062,2026-06-11T07:58:27.062+0100,107,935.828
07:58:32.156,1781161112.156,2026-06-11T07:58:32.156+0100,104,940.921
07:58:37.249,1781161117.249,2026-06-11T07:58:37.249+0100,106,946.015
07:58:42.342,1781161122.342,2026-06-11T07:58:42.342+0100,100,951.108
07:58:47.436,1781161127.436,2026-06-11T07:58:47.436+0100,104,956.202
07:58:52.529,1781161132.529,2026-06-11T07:58:52.529+0100,104,961.295
07:58:57.623,1781161137.623,2026-06-11T07:58:57.623+0100,105,966.388
07:59:02.716,1781161142.716,2026-06-11T07:59:02.716+0100,101,971.482
07:59:07.809,1781161147.809,2026-06-11T07:59:07.809+0100,102,976.575
07:59:12.903,1781161152.903,2026-06-11T07:59:12.903+0100,103,981.668
07:59:17.996,1781161157.996,2026-06-11T07:59:17.996+0100,98,986.762
07:59:23.089,1781161163.089,2026-06-11T07:59:23.089+0100,100,991.855
07:59:28.183,1781161168.183,2026-06-11T07:59:28.183+0100,102,996.949
07:59:33.276,1781161173.276,2026-06-11T07:59:33.276+0100,108,1002.042
07:59:38.370,1781161178.370,2026-06-11T07:59:38.370+0100,103,1007.135
07:59:43.463,1781161183.463,2026-06-11T07:59:43.463+0100,103,1012.229
07:59:48.556,1781161188.556,2026-06-11T07:59:48.556+0100,103,1017.322
07:59:53.650,1781161193.650,2026-06-11T07:59:53.650+0100,101,1022.415
07:59:58.743,1781161198.743,2026-06-11T07:59:58.743+0100,106,1027.509
08:00:03.836,1781161203.836,2026-06-11T08:00:03.836+0100,102,1032.602
08:00:08.930,1781161208.930,2026-06-11T08:00:08.930+0100,100,1037.695
08:00:14.023,1781161214.023,2026-06-11T08:00:14.023+0100,102,1042.789
08:00:19.116,1781161219.116,2026-06-11T08:00:19.116+0100,101,1047.882
08:00:24.210,1781161224.210,2026-06-11T08:00:24.210+0100,98,1052.975
08:00:29.303,1781161229.303,2026-06-11T08:00:29.303+0100,101,1058.069
08:00:34.396,1781161234.396,2026-06-11T08:00:34.396+0100,102,1063.162
08:00:39.489,1781161239.489,2026-06-11T08:00:39.489+0100,102,1068.255
08:00:44.583,1781161244.583,2026-06-11T08:00:44.583+0100,106,1073.349
08:00:49.676,1781161249.676,2026-06-11T08:00:49.676+0100,100,1078.442
08:00:54.769,1781161254.769,2026-06-11T08:00:54.769+0100,99,1083.535
08:00:59.863,1781161259.863,2026-06-11T08:00:59.863+0100,101,1088.628
08:01:04.956,1781161264.956,2026-06-11T08:01:04.956+0100,100,1093.722
08:01:10.049,1781161270.049,2026-06-11T08:01:10.049+0100,99,1098.815
08:01:15.143,1781161275.143,2026-06-11T08:01:15.143+0100,100,1103.908
08:01:20.236,1781161280.236,2026-06-11T08:01:20.236+0100,101,1109.002
08:01:25.329,1781161285.329,2026-06-11T08:01:25.329+0100,103,1114.095
08:01:30.423,1781161290.423,2026-06-11T08:01:30.423+0100,101,1119.188
08:01:35.516,1781161295.516,2026-06-11T08:01:35.516+0100,105,1124.281
08:01:40.609,1781161300.609,2026-06-11T08:01:40.609+0100,106,1129.375
08:01:45.702,1781161305.702,2026-06-11T08:01:45.702+0100,100,1134.468
08:01:50.796,1781161310.796,2026-06-11T08:01:50.796+0100,105,1139.561
08:01:55.889,1781161315.889,2026-06-11T08:01:55.889+0100,104,1144.655
08:02:00.982,1781161320.982,2026-06-11T08:02:00.982+0100,102,1149.748
08:03:53.036,1781161433.036,2026-06-11T08:03:53.036+0100,109,1261.801
08:03:58.129,1781161438.129,2026-06-11T08:03:58.129+0100,109,1266.895
08:04:03.222,1781161443.222,2026-06-11T08:04:03.222+0100,108,1271.988
08:04:08.316,1781161448.316,2026-06-11T08:04:08.316+0100,105,1277.082
08:04:13.409,1781161453.409,2026-06-11T08:04:13.409+0100,105,1282.175
08:04:18.503,1781161458.503,2026-06-11T08:04:18.503+0100,106,1287.268
08:04:23.596,1781161463.596,2026-06-11T08:04:23.596+0100,105,1292.362
08:04:28.690,1781161468.690,2026-06-11T08:04:28.690+0100,106,1297.455
08:04:33.783,1781161473.783,2026-06-11T08:04:33.783+0100,106,1302.549
08:04:38.876,1781161478.876,2026-06-11T08:04:38.876+0100,97,1307.642
08:04:43.970,1781161483.970,2026-06-11T08:04:43.970+0100,99,1312.735
08:04:49.063,1781161489.063,2026-06-11T08:04:49.063+0100,99,1317.829
08:04:54.157,1781161494.157,2026-06-11T08:04:54.157+0100,104,1322.922
08:04:59.250,1781161499.250,2026-06-11T08:04:59.250+0100,103,1328.016
08:05:09.437,1781161509.437,2026-06-11T08:05:09.437+0100,96,1338.202
08:05:14.530,1781161514.530,2026-06-11T08:05:14.530+0100,98,1343.296
08:05:19.624,1781161519.624,2026-06-11T08:05:19.624+0100,103,1348.389
08:05:24.717,1781161524.717,2026-06-11T08:05:24.717+0100,101,1353.483
08:05:29.810,1781161529.810,2026-06-11T08:05:29.810+0100,101,1358.576
08:05:34.904,1781161534.904,2026-06-11T08:05:34.904+0100,100,1363.669
08:05:39.997,1781161539.997,2026-06-11T08:05:39.997+0100,101,1368.763
08:05:45.090,1781161545.090,2026-06-11T08:05:45.090+0100,101,1373.856
08:05:50.184,1781161550.184,2026-06-11T08:05:50.184+0100,102,1378.950
08:05:55.277,1781161555.277,2026-06-11T08:05:55.277+0100,100,1384.043
08:06:00.371,1781161560.371,2026-06-11T08:06:00.371+0100,107,1389.136
08:06:05.464,1781161565.464,2026-06-11T08:06:05.464+0100,100,1394.230
08:06:10.557,1781161570.557,2026-06-11T08:06:10.557+0100,99,1399.323
08:06:15.651,1781161575.651,2026-06-11T08:06:15.651+0100,100,1404.416
08:06:20.744,1781161580.744,2026-06-11T08:06:20.744+0100,98,1409.510
08:06:25.837,1781161585.837,2026-06-11T08:06:25.837+0100,98,1414.603
08:06:30.931,1781161590.931,2026-06-11T08:06:30.931+0100,96,1419.696
08:06:36.024,1781161596.024,2026-06-11T08:06:36.024+0100,95,1424.790
08:06:41.117,1781161601.117,2026-06-11T08:06:41.117+0100,94,1429.883
08:06:46.210,1781161606.210,2026-06-11T08:06:46.210+0100,93,1434.976
08:06:51.304,1781161611.304,2026-06-11T08:06:51.304+0100,94,1440.069
08:06:56.397,1781161616.397,2026-06-11T08:06:56.397+0100,94,1445.163
08:07:01.490,1781161621.490,2026-06-11T08:07:01.490+0100,93,1450.256
08:07:06.584,1781161626.584,2026-06-11T08:07:06.584+0100,94,1455.349
08:07:11.677,1781161631.677,2026-06-11T08:07:11.677+0100,95,1460.443
08:07:16.770,1781161636.770,2026-06-11T08:07:16.770+0100,94,1465.536
08:07:21.863,1781161641.863,2026-06-11T08:07:21.863+0100,96,1470.629
08:07:26.957,1781161646.957,2026-06-11T08:07:26.957+0100,95,1475.722
08:07:32.050,1781161652.050,2026-06-11T08:07:32.050+0100,92,1480.816
08:07:37.143,1781161657.143,2026-06-11T08:07:37.143+0100,91,1485.909
08:07:42.236,1781161662.236,2026-06-11T08:07:42.236+0100,95,1491.002
08:07:47.330,1781161667.330,2026-06-11T08:07:47.330+0100,94,1496.095
08:07:52.423,1781161672.423,2026-06-11T08:07:52.423+0100,95,1501.189
08:07:57.516,1781161677.516,2026-06-11T08:07:57.516+0100,94,1506.282
08:08:02.609,1781161682.609,2026-06-11T08:08:02.609+0100,95,1511.375
08:08:07.703,1781161687.703,2026-06-11T08:08:07.703+0100,94,1516.468
08:08:12.796,1781161692.796,2026-06-11T08:08:12.796+0100,94,1521.561
08:08:17.889,1781161697.889,2026-06-11T08:08:17.889+0100,94,1526.655
08:08:22.982,1781161702.982,2026-06-11T08:08:22.982+0100,93,1531.748
08:08:28.075,1781161708.075,2026-06-11T08:08:28.075+0100,93,1536.841
08:08:38.262,1781161718.262,2026-06-11T08:08:38.262+0100,95,1547.027
08:08:43.355,1781161723.355,2026-06-11T08:08:43.355+0100,93,1552.121
08:08:48.448,1781161728.448,2026-06-11T08:08:48.448+0100,94,1557.214
08:08:53.541,1781161733.541,2026-06-11T08:08:53.541+0100,94,1562.307
08:08:58.634,1781161738.634,2026-06-11T08:08:58.634+0100,94,1567.400
08:09:03.728,1781161743.728,2026-06-11T08:09:03.728+0100,94,1572.493
08:09:08.821,1781161748.821,2026-06-11T08:09:08.821+0100,105,1577.587
08:09:13.914,1781161753.914,2026-06-11T08:09:13.914+0100,98,1582.680
08:09:19.007,1781161759.007,2026-06-11T08:09:19.007+0100,100,1587.773
08:09:24.100,1781161764.100,2026-06-11T08:09:24.100+0100,98,1592.866
08:09:29.194,1781161769.194,2026-06-11T08:09:29.194+0100,97,1597.959
08:09:34.287,1781161774.287,2026-06-11T08:09:34.287+0100,97,1603.052
08:09:39.380,1781161779.380,2026-06-11T08:09:39.380+0100,94,1608.146
08:09:44.473,1781161784.473,2026-06-11T08:09:44.473+0100,102,1613.239
08:09:49.566,1781161789.566,2026-06-11T08:09:49.566+0100,98,1618.332
08:09:59.753,1781161799.753,2026-06-11T08:09:59.753+0100,99,1628.518
08:10:04.846,1781161804.846,2026-06-11T08:10:04.846+0100,99,1633.612
08:10:09.939,1781161809.939,2026-06-11T08:10:09.939+0100,104,1638.705
08:10:15.032,1781161815.032,2026-06-11T08:10:15.032+0100,103,1643.798
08:10:20.125,1781161820.125,2026-06-11T08:10:20.125+0100,104,1648.891
08:10:25.219,1781161825.219,2026-06-11T08:10:25.219+0100,101,1653.984
08:10:30.312,1781161830.312,2026-06-11T08:10:30.312+0100,100,1659.077
08:10:35.405,1781161835.405,2026-06-11T08:10:35.405+0100,105,1664.171
08:10:40.498,1781161840.498,2026-06-11T08:10:40.498+0100,102,1669.264
08:10:45.591,1781161845.591,2026-06-11T08:10:45.591+0100,102,1674.357
08:10:50.684,1781161850.684,2026-06-11T08:10:50.684+0100,102,1679.450
08:10:55.778,1781161855.778,2026-06-11T08:10:55.778+0100,104,1684.543
08:11:00.871,1781161860.871,2026-06-11T08:11:00.871+0100,105,1689.636
08:11:11.057,1781161871.057,2026-06-11T08:11:11.057+0100,103,1699.823
08:11:16.150,1781161876.150,2026-06-11T08:11:16.150+0100,103,1704.916
08:11:21.243,1781161881.243,2026-06-11T08:11:21.243+0100,103,1710.009
08:11:26.336,1781161886.336,2026-06-11T08:11:26.336+0100,103,1715.102
08:11:31.430,1781161891.430,2026-06-11T08:11:31.430+0100,96,1720.195
08:11:36.523,1781161896.523,2026-06-11T08:11:36.523+0100,98,1725.288
08:11:41.616,1781161901.616,2026-06-11T08:11:41.616+0100,95,1730.382
08:11:46.709,1781161906.709,2026-06-11T08:11:46.709+0100,95,1735.475
08:11:51.802,1781161911.802,2026-06-11T08:11:51.802+0100,94,1740.568
08:11:56.895,1781161916.895,2026-06-11T08:11:56.895+0100,97,1745.661
08:12:01.988,1781161921.988,2026-06-11T08:12:01.988+0100,94,1750.754
08:12:07.081,1781161927.081,2026-06-11T08:12:07.081+0100,97,1755.847
08:12:12.174,1781161932.174,2026-06-11T08:12:12.174+0100,95,1760.940
08:12:17.268,1781161937.268,2026-06-11T08:12:17.268+0100,97,1766.033
08:12:22.361,1781161942.361,2026-06-11T08:12:22.361+0100,99,1771.126
08:12:27.454,1781161947.454,2026-06-11T08:12:27.454+0100,97,1776.219
08:12:32.547,1781161952.547,2026-06-11T08:12:32.547+0100,94,1781.313
08:12:37.640,1781161957.640,2026-06-11T08:12:37.640+0100,95,1786.406
08:12:42.733,1781161962.733,2026-06-11T08:12:42.733+0100,95,1791.499
08:12:47.826,1781161967.826,2026-06-11T08:12:47.826+0100,95,1796.592
08:12:52.919,1781161972.919,2026-06-11T08:12:52.919+0100,94,1801.685
08:12:58.012,1781161978.012,2026-06-11T08:12:58.012+0100,96,1806.778
08:13:03.105,1781161983.105,2026-06-11T08:13:03.105+0100,90,1811.871
08:13:08.198,1781161988.198,2026-06-11T08:13:08.198+0100,94,1816.964
08:13:13.291,1781161993.291,2026-06-11T08:13:13.291+0100,93,1822.057
08:13:18.384,1781161998.384,2026-06-11T08:13:18.384+0100,93,1827.150
08:13:23.478,1781162003.478,2026-06-11T08:13:23.478+0100,92,1832.243
08:13:28.571,1781162008.571,2026-06-11T08:13:28.571+0100,95,1837.336
08:13:33.664,1781162013.664,2026-06-11T08:13:33.664+0100,94,1842.429
08:13:38.757,1781162018.757,2026-06-11T08:13:38.757+0100,94,1847.522
08:13:43.850,1781162023.850,2026-06-11T08:13:43.850+0100,95,1852.615
08:13:48.943,1781162028.943,2026-06-11T08:13:48.943+0100,94,1857.708
08:13:54.036,1781162034.036,2026-06-11T08:13:54.036+0100,95,1862.801
08:13:59.129,1781162039.129,2026-06-11T08:13:59.129+0100,96,1867.894
08:14:04.222,1781162044.222,2026-06-11T08:14:04.222+0100,93,1872.987
08:14:09.315,1781162049.315,2026-06-11T08:14:09.315+0100,92,1878.081
08:14:14.408,1781162054.408,2026-06-11T08:14:14.408+0100,90,1883.174
08:14:19.501,1781162059.501,2026-06-11T08:14:19.501+0100,93,1888.267
08:14:24.594,1781162064.594,2026-06-11T08:14:24.594+0100,94,1893.360
08:14:29.687,1781162069.687,2026-06-11T08:14:29.687+0100,94,1898.453
08:14:39.873,1781162079.873,2026-06-11T08:14:39.873+0100,103,1908.639
08:14:44.966,1781162084.966,2026-06-11T08:14:44.966+0100,101,1913.732
08:14:50.059,1781162090.059,2026-06-11T08:14:50.059+0100,102,1918.825
08:14:55.152,1781162095.152,2026-06-11T08:14:55.152+0100,99,1923.918
08:15:00.245,1781162100.245,2026-06-11T08:15:00.245+0100,101,1929.011
08:15:05.338,1781162105.338,2026-06-11T08:15:05.338+0100,105,1934.104
08:15:10.431,1781162110.431,2026-06-11T08:15:10.431+0100,98,1939.197
08:15:15.524,1781162115.524,2026-06-11T08:15:15.524+0100,100,1944.290
08:15:20.617,1781162120.617,2026-06-11T08:15:20.617+0100,102,1949.383
08:15:25.710,1781162125.710,2026-06-11T08:15:25.710+0100,100,1954.476
08:15:30.803,1781162130.803,2026-06-11T08:15:30.803+0100,100,1959.569
08:15:35.896,1781162135.896,2026-06-11T08:15:35.896+0100,98,1964.662
08:15:40.989,1781162140.989,2026-06-11T08:15:40.989+0100,99,1969.755
08:15:46.082,1781162146.082,2026-06-11T08:15:46.082+0100,100,1974.848
08:15:51.175,1781162151.175,2026-06-11T08:15:51.175+0100,100,1979.941
08:15:56.268,1781162156.268,2026-06-11T08:15:56.268+0100,100,1985.034
08:16:01.361,1781162161.361,2026-06-11T08:16:01.361+0100,100,1990.127
08:16:06.454,1781162166.454,2026-06-11T08:16:06.454+0100,100,1995.220
08:16:11.547,1781162171.547,2026-06-11T08:16:11.547+0100,100,2000.313
08:16:16.640,1781162176.640,2026-06-11T08:16:16.640+0100,99,2005.406
08:16:21.733,1781162181.733,2026-06-11T08:16:21.733+0100,100,2010.499
08:16:26.826,1781162186.826,2026-06-11T08:16:26.826+0100,100,2015.592
08:16:31.919,1781162191.919,2026-06-11T08:16:31.919+0100,100,2020.685
08:16:42.105,1781162202.105,2026-06-11T08:16:42.105+0100,100,2030.871
08:16:47.198,1781162207.198,2026-06-11T08:16:47.198+0100,98,2035.964
08:16:52.291,1781162212.291,2026-06-11T08:16:52.291+0100,100,2041.057
08:16:57.384,1781162217.384,2026-06-11T08:16:57.384+0100,100,2046.150
08:17:02.477,1781162222.477,2026-06-11T08:17:02.477+0100,100,2051.243
08:17:07.570,1781162227.570,2026-06-11T08:17:07.570+0100,92,2056.336
08:17:12.663,1781162232.663,2026-06-11T08:17:12.663+0100,94,2061.429
08:17:17.756,1781162237.756,2026-06-11T08:17:17.756+0100,90,2066.522
08:17:22.849,1781162242.849,2026-06-11T08:17:22.849+0100,92,2071.615
08:17:27.942,1781162247.942,2026-06-11T08:17:27.942+0100,91,2076.708
08:17:33.035,1781162253.035,2026-06-11T08:17:33.035+0100,89,2081.801
08:17:38.128,1781162258.128,2026-06-11T08:17:38.128+0100,89,2086.894
08:17:43.221,1781162263.221,2026-06-11T08:17:43.221+0100,91,2091.987
08:17:48.314,1781162268.314,2026-06-11T08:17:48.314+0100,92,2097.080
08:17:53.407,1781162273.407,2026-06-11T08:17:53.407+0100,93,2102.173
08:17:58.500,1781162278.500,2026-06-11T08:17:58.500+0100,89,2107.266
08:18:03.593,1781162283.593,2026-06-11T08:18:03.593+0100,91,2112.358
08:18:08.686,1781162288.686,2026-06-11T08:18:08.686+0100,90,2117.451
08:18:13.779,1781162293.779,2026-06-11T08:18:13.779+0100,91,2122.544
08:18:18.872,1781162298.872,2026-06-11T08:18:18.872+0100,91,2127.637
08:18:23.965,1781162303.965,2026-06-11T08:18:23.965+0100,90,2132.730
08:18:29.058,1781162309.058,2026-06-11T08:18:29.058+0100,91,2137.823
08:18:34.151,1781162314.151,2026-06-11T08:18:34.151+0100,89,2142.916
08:18:39.244,1781162319.244,2026-06-11T08:18:39.244+0100,92,2148.009
08:18:44.337,1781162324.337,2026-06-11T08:18:44.337+0100,88,2153.102
08:18:49.430,1781162329.430,2026-06-11T08:18:49.430+0100,87,2158.195
08:18:54.522,1781162334.522,2026-06-11T08:18:54.522+0100,87,2163.288
08:18:59.615,1781162339.615,2026-06-11T08:18:59.615+0100,88,2168.381
08:19:04.708,1781162344.708,2026-06-11T08:19:04.708+0100,93,2173.474
08:19:09.801,1781162349.801,2026-06-11T08:19:09.801+0100,90,2178.567
08:19:14.894,1781162354.894,2026-06-11T08:19:14.894+0100,92,2183.660
08:19:25.080,1781162365.080,2026-06-11T08:19:25.080+0100,90,2193.846
08:19:30.173,1781162370.173,2026-06-11T08:19:30.173+0100,90,2198.939
08:19:35.266,1781162375.266,2026-06-11T08:19:35.266+0100,89,2204.032
08:19:40.359,1781162380.359,2026-06-11T08:19:40.359+0100,89,2209.125
08:19:45.452,1781162385.452,2026-06-11T08:19:45.452+0100,89,2214.218
08:19:50.545,1781162390.545,2026-06-11T08:19:50.545+0100,90,2219.311
08:19:55.638,1781162395.638,2026-06-11T08:19:55.638+0100,90,2224.404
08:20:00.731,1781162400.731,2026-06-11T08:20:00.731+0100,90,2229.497
08:20:05.824,1781162405.824,2026-06-11T08:20:05.824+0100,90,2234.590
08:20:10.917,1781162410.917,2026-06-11T08:20:10.917+0100,101,2239.683
08:20:16.010,1781162416.010,2026-06-11T08:20:16.010+0100,100,2244.776
08:20:21.103,1781162421.103,2026-06-11T08:20:21.103+0100,101,2249.869
08:20:26.196,1781162426.196,2026-06-11T08:20:26.196+0100,99,2254.962
08:20:31.289,1781162431.289,2026-06-11T08:20:31.289+0100,103,2260.055
08:20:36.382,1781162436.382,2026-06-11T08:20:36.382+0100,99,2265.148
08:20:41.475,1781162441.475,2026-06-11T08:20:41.475+0100,99,2270.241
08:20:46.568,1781162446.568,2026-06-11T08:20:46.568+0100,103,2275.334
08:20:51.661,1781162451.661,2026-06-11T08:20:51.661+0100,99,2280.427
08:20:56.754,1781162456.754,2026-06-11T08:20:56.754+0100,98,2285.520
08:21:01.847,1781162461.847,2026-06-11T08:21:01.847+0100,102,2290.613
08:21:12.033,1781162472.033,2026-06-11T08:21:12.033+0100,100,2300.799
08:21:17.126,1781162477.126,2026-06-11T08:21:17.126+0100,100,2305.892
08:21:22.219,1781162482.219,2026-06-11T08:21:22.219+0100,104,2310.985
08:21:27.312,1781162487.312,2026-06-11T08:21:27.312+0100,101,2316.078
08:21:32.405,1781162492.405,2026-06-11T08:21:32.405+0100,97,2321.171
08:21:37.498,1781162497.498,2026-06-11T08:21:37.498+0100,95,2326.264
08:21:42.591,1781162502.591,2026-06-11T08:21:42.591+0100,100,2331.357
08:21:47.684,1781162507.684,2026-06-11T08:21:47.684+0100,94,2336.450
08:21:52.777,1781162512.777,2026-06-11T08:21:52.777+0100,102,2341.543
08:21:57.870,1781162517.870,2026-06-11T08:21:57.870+0100,99,2346.636
08:22:02.963,1781162522.963,2026-06-11T08:22:02.963+0100,105,2351.729
08:22:08.056,1781162528.056,2026-06-11T08:22:08.056+0100,100,2356.822
08:22:13.149,1781162533.149,2026-06-11T08:22:13.149+0100,100,2361.915
08:22:23.335,1781162543.335,2026-06-11T08:22:23.335+0100,99,2372.101
08:22:28.428,1781162548.428,2026-06-11T08:22:28.428+0100,94,2377.194
08:22:33.521,1781162553.521,2026-06-11T08:22:33.521+0100,91,2382.287
08:22:38.614,1781162558.614,2026-06-11T08:22:38.614+0100,89,2387.380
08:22:43.707,1781162563.707,2026-06-11T08:22:43.707+0100,90,2392.473
08:22:48.800,1781162568.800,2026-06-11T08:22:48.800+0100,88,2397.566
08:22:53.893,1781162573.893,2026-06-11T08:22:53.893+0100,92,2402.659
08:22:58.986,1781162578.986,2026-06-11T08:22:58.986+0100,92,2407.752
08:23:04.079,1781162584.079,2026-06-11T08:23:04.079+0100,94,2412.845
08:23:09.172,1781162589.172,2026-06-11T08:23:09.172+0100,90,2417.938
08:23:14.265,1781162594.265,2026-06-11T08:23:14.265+0100,89,2423.031
08:23:19.358,1781162599.358,2026-06-11T08:23:19.358+0100,89,2428.124
08:23:24.451,1781162604.451,2026-06-11T08:23:24.451+0100,89,2433.217
08:23:29.544,1781162609.544,2026-06-11T08:23:29.544+0100,91,2438.310
08:23:34.637,1781162614.637,2026-06-11T08:23:34.637+0100,90,2443.403
08:23:39.730,1781162619.730,2026-06-11T08:23:39.730+0100,90,2448.496
08:23:44.823,1781162624.823,2026-06-11T08:23:44.823+0100,88,2453.589
08:23:49.916,1781162629.916,2026-06-11T08:23:49.916+0100,89,2458.682
08:23:55.009,1781162635.009,2026-06-11T08:23:55.009+0100,89,2463.775
08:24:00.102,1781162640.102,2026-06-11T08:24:00.102+0100,91,2468.868
08:24:05.195,1781162645.195,2026-06-11T08:24:05.195+0100,88,2473.961
08:24:10.288,1781162650.288,2026-06-11T08:24:10.288+0100,89,2479.054
08:24:15.381,1781162655.381,2026-06-11T08:24:15.381+0100,90,2484.147
08:24:20.474,1781162660.474,2026-06-11T08:24:20.474+0100,91,2489.240
08:24:25.567,1781162665.567,2026-06-11T08:24:25.567+0100,89,2494.333
08:24:30.660,1781162670.660,2026-06-11T08:24:30.660+0100,89,2499.426
08:24:35.753,1781162675.753,2026-06-11T08:24:35.753+0100,89,2504.519
08:24:40.846,1781162680.846,2026-06-11T08:24:40.846+0100,89,2509.612
08:24:45.940,1781162685.940,2026-06-11T08:24:45.940+0100,87,2514.705
08:24:51.033,1781162691.033,2026-06-11T08:24:51.033+0100,88,2519.798
08:24:56.126,1781162696.126,2026-06-11T08:24:56.126+0100,91,2524.891
08:25:01.219,1781162701.219,2026-06-11T08:25:01.219+0100,91,2529.984
08:25:06.312,1781162706.312,2026-06-11T08:25:06.312+0100,89,2535.077
08:25:16.498,1781162716.498,2026-06-11T08:25:16.498+0100,89,2545.263
08:25:21.591,1781162721.591,2026-06-11T08:25:21.591+0100,98,2550.356
08:25:26.684,1781162726.684,2026-06-11T08:25:26.684+0100,102,2555.449
08:25:31.777,1781162731.777,2026-06-11T08:25:31.777+0100,101,2560.542
08:25:36.870,1781162736.870,2026-06-11T08:25:36.870+0100,101,2565.635
08:25:41.963,1781162741.963,2026-06-11T08:25:41.963+0100,103,2570.728
08:25:47.056,1781162747.056,2026-06-11T08:25:47.056+0100,99,2575.821
08:25:52.149,1781162752.149,2026-06-11T08:25:52.149+0100,99,2580.914
08:25:57.242,1781162757.242,2026-06-11T08:25:57.242+0100,98,2586.007
08:26:02.335,1781162762.335,2026-06-11T08:26:02.335+0100,100,2591.100
08:26:07.428,1781162767.428,2026-06-11T08:26:07.428+0100,101,2596.193
08:26:12.521,1781162772.521,2026-06-11T08:26:12.521+0100,100,2601.286
08:26:17.614,1781162777.614,2026-06-11T08:26:17.614+0100,100,2606.379
08:26:22.707,1781162782.707,2026-06-11T08:26:22.707+0100,100,2611.472
08:26:27.800,1781162787.800,2026-06-11T08:26:27.800+0100,96,2616.565
08:26:32.893,1781162792.893,2026-06-11T08:26:32.893+0100,98,2621.658
08:26:37.986,1781162797.986,2026-06-11T08:26:37.986+0100,101,2626.751
08:26:43.079,1781162803.079,2026-06-11T08:26:43.079+0100,103,2631.844
08:26:48.172,1781162808.172,2026-06-11T08:26:48.172+0100,102,2636.937
08:26:53.265,1781162813.265,2026-06-11T08:26:53.265+0100,100,2642.030
08:27:03.451,1781162823.451,2026-06-11T08:27:03.451+0100,99,2652.216
08:27:08.544,1781162828.544,2026-06-11T08:27:08.544+0100,100,2657.309
08:27:13.637,1781162833.637,2026-06-11T08:27:13.637+0100,100,2662.402
08:27:18.730,1781162838.730,2026-06-11T08:27:18.730+0100,102,2667.495
08:27:23.823,1781162843.823,2026-06-11T08:27:23.823+0100,97,2672.588
08:27:28.916,1781162848.916,2026-06-11T08:27:28.916+0100,100,2677.681
08:27:34.009,1781162854.009,2026-06-11T08:27:34.009+0100,100,2682.774
08:27:39.102,1781162859.102,2026-06-11T08:27:39.102+0100,100,2687.867
08:27:44.195,1781162864.195,2026-06-11T08:27:44.195+0100,94,2692.960
08:27:49.288,1781162869.288,2026-06-11T08:27:49.288+0100,92,2698.053
08:27:54.381,1781162874.381,2026-06-11T08:27:54.381+0100,87,2703.146
08:27:59.474,1781162879.474,2026-06-11T08:27:59.474+0100,90,2708.239
08:28:04.567,1781162884.567,2026-06-11T08:28:04.567+0100,89,2713.332
08:28:09.660,1781162889.660,2026-06-11T08:28:09.660+0100,89,2718.425
08:28:14.753,1781162894.753,2026-06-11T08:28:14.753+0100,92,2723.518
08:28:19.846,1781162899.846,2026-06-11T08:28:19.846+0100,90,2728.611
08:28:24.939,1781162904.939,2026-06-11T08:28:24.939+0100,90,2733.704
08:28:30.032,1781162910.032,2026-06-11T08:28:30.032+0100,85,2738.797
08:28:35.125,1781162915.125,2026-06-11T08:28:35.125+0100,88,2743.890
08:28:40.218,1781162920.218,2026-06-11T08:28:40.218+0100,86,2748.983
08:28:45.311,1781162925.311,2026-06-11T08:28:45.311+0100,89,2754.076
08:28:50.404,1781162930.404,2026-06-11T08:28:50.404+0100,85,2759.169
08:28:55.496,1781162935.496,2026-06-11T08:28:55.496+0100,88,2764.262
08:29:00.589,1781162940.589,2026-06-11T08:29:00.589+0100,88,2769.355
08:29:10.775,1781162950.775,2026-06-11T08:29:10.775+0100,88,2779.541
08:29:15.868,1781162955.868,2026-06-11T08:29:15.868+0100,90,2784.634
08:29:20.961,1781162960.961,2026-06-11T08:29:20.961+0100,87,2789.727
08:29:26.054,1781162966.054,2026-06-11T08:29:26.054+0100,86,2794.820
08:29:31.147,1781162971.147,2026-06-11T08:29:31.147+0100,95,2799.913
08:29:36.240,1781162976.240,2026-06-11T08:29:36.240+0100,88,2805.006
08:29:41.333,1781162981.333,2026-06-11T08:29:41.333+0100,88,2810.099
08:29:46.426,1781162986.426,2026-06-11T08:29:46.426+0100,88,2815.192
08:29:51.519,1781162991.519,2026-06-11T08:29:51.519+0100,94,2820.285
08:29:56.612,1781162996.612,2026-06-11T08:29:56.612+0100,90,2825.378
08:30:01.705,1781163001.705,2026-06-11T08:30:01.705+0100,93,2830.471
08:30:06.798,1781163006.798,2026-06-11T08:30:06.798+0100,95,2835.564
08:30:11.891,1781163011.891,2026-06-11T08:30:11.891+0100,91,2840.657
08:30:16.984,1781163016.984,2026-06-11T08:30:16.984+0100,90,2845.750
08:30:22.077,1781163022.077,2026-06-11T08:30:22.077+0100,87,2850.843
08:30:27.170,1781163027.170,2026-06-11T08:30:27.170+0100,90,2855.936
08:30:37.356,1781163037.356,2026-06-11T08:30:37.356+0100,91,2866.121
08:30:42.449,1781163042.449,2026-06-11T08:30:42.449+0100,100,2871.214
08:30:47.542,1781163047.542,2026-06-11T08:30:47.542+0100,98,2876.307
08:30:52.635,1781163052.635,2026-06-11T08:30:52.635+0100,99,2881.400
08:30:57.728,1781163057.728,2026-06-11T08:30:57.728+0100,100,2886.493
08:31:02.821,1781163062.821,2026-06-11T08:31:02.821+0100,103,2891.586
08:31:07.914,1781163067.914,2026-06-11T08:31:07.914+0100,107,2896.679
08:31:13.007,1781163073.007,2026-06-11T08:31:13.007+0100,98,2901.772
08:31:23.192,1781163083.192,2026-06-11T08:31:23.192+0100,96,2911.958
08:31:28.285,1781163088.285,2026-06-11T08:31:28.285+0100,97,2917.051
08:31:33.378,1781163093.378,2026-06-11T08:31:33.378+0100,98,2922.144
08:31:38.471,1781163098.471,2026-06-11T08:31:38.471+0100,100,2927.237
08:31:43.564,1781163103.564,2026-06-11T08:31:43.564+0100,94,2932.330
08:31:48.657,1781163108.657,2026-06-11T08:31:48.657+0100,99,2937.423
08:31:53.750,1781163113.750,2026-06-11T08:31:53.750+0100,99,2942.516
08:31:58.843,1781163118.843,2026-06-11T08:31:58.843+0100,99,2947.609
08:32:03.936,1781163123.936,2026-06-11T08:32:03.936+0100,99,2952.702
08:32:09.029,1781163129.029,2026-06-11T08:32:09.029+0100,104,2957.795
08:32:14.122,1781163134.122,2026-06-11T08:32:14.122+0100,102,2962.888
08:32:19.215,1781163139.215,2026-06-11T08:32:19.215+0100,99,2967.981
08:32:29.401,1781163149.401,2026-06-11T08:32:29.401+0100,99,2978.167
08:32:34.494,1781163154.494,2026-06-11T08:32:34.494+0100,105,2983.260
08:32:39.587,1781163159.587,2026-06-11T08:32:39.587+0100,103,2988.353
08:32:44.680,1781163164.680,2026-06-11T08:32:44.680+0100,101,2993.446
08:32:49.773,1781163169.773,2026-06-11T08:32:49.773+0100,101,2998.539
08:32:54.866,1781163174.866,2026-06-11T08:32:54.866+0100,101,3003.632
08:32:59.959,1781163179.959,2026-06-11T08:32:59.959+0100,101,3008.725
08:33:05.052,1781163185.052,2026-06-11T08:33:05.052+0100,102,3013.818
08:33:15.238,1781163195.238,2026-06-11T08:33:15.238+0100,92,3024.004
08:33:20.331,1781163200.331,2026-06-11T08:33:20.331+0100,90,3029.097
08:33:25.424,1781163205.424,2026-06-11T08:33:25.424+0100,90,3034.190
08:33:30.517,1781163210.517,2026-06-11T08:33:30.517+0100,91,3039.283
08:33:35.610,1781163215.610,2026-06-11T08:33:35.610+0100,89,3044.376
08:33:40.703,1781163220.703,2026-06-11T08:33:40.703+0100,91,3049.469
08:33:45.796,1781163225.796,2026-06-11T08:33:45.796+0100,90,3054.562
08:33:50.889,1781163230.889,2026-06-11T08:33:50.889+0100,89,3059.655
08:33:55.982,1781163235.982,2026-06-11T08:33:55.982+0100,87,3064.748
08:34:01.075,1781163241.075,2026-06-11T08:34:01.075+0100,91,3069.841
08:34:06.168,1781163246.168,2026-06-11T08:34:06.168+0100,88,3074.934
08:34:11.261,1781163251.261,2026-06-11T08:34:11.261+0100,89,3080.027
08:34:16.354,1781163256.354,2026-06-11T08:34:16.354+0100,90,3085.120
08:34:21.447,1781163261.447,2026-06-11T08:34:21.447+0100,86,3090.213
08:34:26.540,1781163266.540,2026-06-11T08:34:26.540+0100,88,3095.306
08:34:31.634,1781163271.634,2026-06-11T08:34:31.634+0100,88,3100.399
08:34:36.727,1781163276.727,2026-06-11T08:34:36.727+0100,89,3105.492
08:34:41.820,1781163281.820,2026-06-11T08:34:41.820+0100,88,3110.585
08:34:46.913,1781163286.913,2026-06-11T08:34:46.913+0100,89,3115.678
08:34:52.006,1781163292.006,2026-06-11T08:34:52.006+0100,90,3120.771
08:34:57.099,1781163297.099,2026-06-11T08:34:57.099+0100,91,3125.864
08:35:02.192,1781163302.192,2026-06-11T08:35:02.192+0100,89,3130.957
08:35:07.285,1781163307.285,2026-06-11T08:35:07.285+0100,89,3136.050
08:35:12.378,1781163312.378,2026-06-11T08:35:12.378+0100,89,3141.143
08:35:17.471,1781163317.471,2026-06-11T08:35:17.471+0100,92,3146.236
08:35:22.564,1781163322.564,2026-06-11T08:35:22.564+0100,94,3151.329
08:35:27.657,1781163327.657,2026-06-11T08:35:27.657+0100,92,3156.422
08:35:32.750,1781163332.750,2026-06-11T08:35:32.750+0100,95,3161.515
08:35:37.843,1781163337.843,2026-06-11T08:35:37.843+0100,96,3166.608
08:35:42.936,1781163342.936,2026-06-11T08:35:42.936+0100,93,3171.701
08:35:48.029,1781163348.029,2026-06-11T08:35:48.029+0100,93,3176.794
08:35:53.122,1781163353.122,2026-06-11T08:35:53.122+0100,95,3181.887
08:35:58.215,1781163358.215,2026-06-11T08:35:58.215+0100,91,3186.980
08:36:03.308,1781163363.308,2026-06-11T08:36:03.308+0100,94,3192.073
08:36:08.400,1781163368.400,2026-06-11T08:36:08.400+0100,95,3197.166
08:36:13.493,1781163373.493,2026-06-11T08:36:13.493+0100,94,3202.259
08:36:18.586,1781163378.586,2026-06-11T08:36:18.586+0100,94,3207.352
08:36:28.773,1781163388.773,2026-06-11T08:36:28.773+0100,100,3217.538
08:36:33.866,1781163393.866,2026-06-11T08:36:33.866+0100,98,3222.631
08:36:38.959,1781163398.959,2026-06-11T08:36:38.959+0100,98,3227.724
08:36:44.052,1781163404.052,2026-06-11T08:36:44.052+0100,98,3232.817
08:36:49.145,1781163409.145,2026-06-11T08:36:49.145+0100,98,3237.910
08:36:54.238,1781163414.238,2026-06-11T08:36:54.238+0100,99,3243.003
08:36:59.331,1781163419.331,2026-06-11T08:36:59.331+0100,98,3248.096
08:37:04.424,1781163424.424,2026-06-11T08:37:04.424+0100,97,3253.189
08:37:09.517,1781163429.517,2026-06-11T08:37:09.517+0100,97,3258.282
08:37:14.610,1781163434.610,2026-06-11T08:37:14.610+0100,99,3263.375
08:37:19.703,1781163439.703,2026-06-11T08:37:19.703+0100,98,3268.468
08:37:24.796,1781163444.796,2026-06-11T08:37:24.796+0100,98,3273.561
08:37:29.889,1781163449.889,2026-06-11T08:37:29.889+0100,98,3278.654
08:37:34.982,1781163454.982,2026-06-11T08:37:34.982+0100,99,3283.747
08:37:40.075,1781163460.075,2026-06-11T08:37:40.075+0100,96,3288.840
08:37:50.261,1781163470.261,2026-06-11T08:37:50.261+0100,98,3299.026
08:37:55.354,1781163475.354,2026-06-11T08:37:55.354+0100,99,3304.119
08:38:00.447,1781163480.447,2026-06-11T08:38:00.447+0100,102,3309.212
08:38:05.540,1781163485.540,2026-06-11T08:38:05.540+0100,98,3314.305
08:38:10.633,1781163490.633,2026-06-11T08:38:10.633+0100,98,3319.398
08:38:15.726,1781163495.726,2026-06-11T08:38:15.726+0100,98,3324.491
08:38:20.819,1781163500.819,2026-06-11T08:38:20.819+0100,103,3329.584
08:38:25.912,1781163505.912,2026-06-11T08:38:25.912+0100,99,3334.677
08:38:36.098,1781163516.098,2026-06-11T08:38:36.098+0100,99,3344.863
08:38:41.191,1781163521.191,2026-06-11T08:38:41.191+0100,93,3349.956
08:38:46.284,1781163526.284,2026-06-11T08:38:46.284+0100,89,3355.049
08:38:51.377,1781163531.377,2026-06-11T08:38:51.377+0100,91,3360.142
08:38:56.470,1781163536.470,2026-06-11T08:38:56.470+0100,89,3365.235
08:39:01.563,1781163541.563,2026-06-11T08:39:01.563+0100,91,3370.328
08:39:06.656,1781163546.656,2026-06-11T08:39:06.656+0100,90,3375.421
08:39:11.749,1781163551.749,2026-06-11T08:39:11.749+0100,89,3380.514
08:39:16.842,1781163556.842,2026-06-11T08:39:16.842+0100,88,3385.607
08:39:21.935,1781163561.935,2026-06-11T08:39:21.935+0100,89,3390.700
08:39:27.028,1781163567.028,2026-06-11T08:39:27.028+0100,92,3395.793
08:39:32.121,1781163572.121,2026-06-11T08:39:32.121+0100,88,3400.886
08:39:37.214,1781163577.214,2026-06-11T08:39:37.214+0100,89,3405.979
08:39:42.307,1781163582.307,2026-06-11T08:39:42.307+0100,91,3411.072
08:39:47.400,1781163587.400,2026-06-11T08:39:47.400+0100,92,3416.165
08:39:52.493,1781163592.493,2026-06-11T08:39:52.493+0100,90,3421.258
08:39:57.586,1781163597.586,2026-06-11T08:39:57.586+0100,91,3426.351
08:40:02.679,1781163602.679,2026-06-11T08:40:02.679+0100,90,3431.445
08:40:07.772,1781163607.772,2026-06-11T08:40:07.772+0100,92,3436.537
08:40:12.865,1781163612.865,2026-06-11T08:40:12.865+0100,93,3441.630
08:40:17.958,1781163617.958,2026-06-11T08:40:17.958+0100,89,3446.723
08:40:23.051,1781163623.051,2026-06-11T08:40:23.051+0100,90,3451.816
08:40:28.144,1781163628.144,2026-06-11T08:40:28.144+0100,90,3456.909
08:40:33.237,1781163633.237,2026-06-11T08:40:33.237+0100,91,3462.002
08:40:38.330,1781163638.330,2026-06-11T08:40:38.330+0100,92,3467.095
08:40:43.423,1781163643.423,2026-06-11T08:40:43.423+0100,92,3472.188
08:40:48.516,1781163648.516,2026-06-11T08:40:48.516+0100,92,3477.281
08:40:53.609,1781163653.609,2026-06-11T08:40:53.609+0100,95,3482.374
08:40:58.702,1781163658.702,2026-06-11T08:40:58.702+0100,91,3487.467
08:41:03.795,1781163663.795,2026-06-11T08:41:03.795+0100,93,3492.560
08:41:08.888,1781163668.888,2026-06-11T08:41:08.888+0100,89,3497.653
08:41:13.981,1781163673.981,2026-06-11T08:41:13.981+0100,90,3502.746
08:41:19.074,1781163679.074,2026-06-11T08:41:19.074+0100,91,3507.839
08:41:24.167,1781163684.167,2026-06-11T08:41:24.167+0100,92,3512.932
08:41:29.260,1781163689.260,2026-06-11T08:41:29.260+0100,91,3518.025
08:41:34.353,1781163694.353,2026-06-11T08:41:34.353+0100,92,3523.118
08:41:39.446,1781163699.446,2026-06-11T08:41:39.446+0100,92,3528.211
08:41:49.632,1781163709.632,2026-06-11T08:41:49.632+0100,98,3538.397
08:41:54.725,1781163714.725,2026-06-11T08:41:54.725+0100,99,3543.490
08:41:59.818,1781163719.818,2026-06-11T08:41:59.818+0100,98,3548.583
08:42:04.911,1781163724.911,2026-06-11T08:42:04.911+0100,96,3553.676
08:42:10.004,1781163730.004,2026-06-11T08:42:10.004+0100,99,3558.769
08:42:15.097,1781163735.097,2026-06-11T08:42:15.097+0100,99,3563.862
08:42:20.190,1781163740.190,2026-06-11T08:42:20.190+0100,97,3568.955
08:42:25.283,1781163745.283,2026-06-11T08:42:25.283+0100,97,3574.048
08:42:30.376,1781163750.376,2026-06-11T08:42:30.376+0100,99,3579.141
08:42:35.469,1781163755.469,2026-06-11T08:42:35.469+0100,101,3584.234
08:42:40.562,1781163760.562,2026-06-11T08:42:40.562+0100,98,3589.327
08:42:45.655,1781163765.655,2026-06-11T08:42:45.655+0100,98,3594.420
08:42:50.748,1781163770.748,2026-06-11T08:42:50.748+0100,98,3599.513
08:42:55.841,1781163775.841,2026-06-11T08:42:55.841+0100,97,3604.606
08:43:00.934,1781163780.934,2026-06-11T08:43:00.934+0100,99,3609.699
08:43:06.027,1781163786.027,2026-06-11T08:43:06.027+0100,98,3614.792
08:43:11.120,1781163791.120,2026-06-11T08:43:11.120+0100,103,3619.885
08:43:16.213,1781163796.213,2026-06-11T08:43:16.213+0100,100,3624.978
08:43:21.306,1781163801.306,2026-06-11T08:43:21.306+0100,99,3630.071
08:43:26.399,1781163806.399,2026-06-11T08:43:26.399+0100,98,3635.164
08:43:36.585,1781163816.585,2026-06-11T08:43:36.585+0100,99,3645.350
08:43:41.678,1781163821.678,2026-06-11T08:43:41.678+0100,99,3650.443
08:43:46.771,1781163826.771,2026-06-11T08:43:46.771+0100,102,3655.536
08:43:51.864,1781163831.864,2026-06-11T08:43:51.864+0100,96,3660.629
08:43:56.957,1781163836.957,2026-06-11T08:43:56.957+0100,99,3665.722
08:44:02.050,1781163842.050,2026-06-11T08:44:02.050+0100,99,3670.815
08:44:07.143,1781163847.143,2026-06-11T08:44:07.143+0100,99,3675.908
08:44:12.236,1781163852.236,2026-06-11T08:44:12.236+0100,93,3681.001
08:44:17.329,1781163857.329,2026-06-11T08:44:17.329+0100,92,3686.095
08:44:22.422,1781163862.422,2026-06-11T08:44:22.422+0100,91,3691.188
08:44:27.515,1781163867.515,2026-06-11T08:44:27.515+0100,88,3696.281
08:44:32.608,1781163872.608,2026-06-11T08:44:32.608+0100,91,3701.374
08:44:37.701,1781163877.701,2026-06-11T08:44:37.701+0100,88,3706.467
08:44:42.794,1781163882.794,2026-06-11T08:44:42.794+0100,88,3711.560
08:44:47.887,1781163887.887,2026-06-11T08:44:47.887+0100,86,3716.653
08:44:52.980,1781163892.980,2026-06-11T08:44:52.980+0100,87,3721.746
08:44:58.073,1781163898.073,2026-06-11T08:44:58.073+0100,85,3726.839
08:45:03.166,1781163903.166,2026-06-11T08:45:03.166+0100,87,3731.932
08:45:08.259,1781163908.259,2026-06-11T08:45:08.259+0100,87,3737.025
08:45:13.352,1781163913.352,2026-06-11T08:45:13.352+0100,89,3742.118
08:45:18.445,1781163918.445,2026-06-11T08:45:18.445+0100,89,3747.211
08:45:23.538,1781163923.538,2026-06-11T08:45:23.538+0100,90,3752.304
08:45:28.631,1781163928.631,2026-06-11T08:45:28.631+0100,93,3757.397
08:45:33.724,1781163933.724,2026-06-11T08:45:33.724+0100,87,3762.490
08:45:38.817,1781163938.817,2026-06-11T08:45:38.817+0100,91,3767.583
08:45:43.910,1781163943.910,2026-06-11T08:45:43.910+0100,89,3772.676
08:45:49.003,1781163949.003,2026-06-11T08:45:49.003+0100,92,3777.769
08:45:54.096,1781163954.096,2026-06-11T08:45:54.096+0100,91,3782.862
08:45:59.189,1781163959.189,2026-06-11T08:45:59.189+0100,96,3787.955
08:46:04.282,1781163964.282,2026-06-11T08:46:04.282+0100,89,3793.048
08:46:09.375,1781163969.375,2026-06-11T08:46:09.375+0100,96,3798.141
08:46:14.468,1781163974.468,2026-06-11T08:46:14.468+0100,98,3803.234
08:46:24.654,1781163984.654,2026-06-11T08:46:24.654+0100,92,3813.420
08:46:29.747,1781163989.747,2026-06-11T08:46:29.747+0100,92,3818.513
08:46:34.840,1781163994.840,2026-06-11T08:46:34.840+0100,94,3823.606
08:46:39.933,1781163999.933,2026-06-11T08:46:39.933+0100,90,3828.699
08:46:45.026,1781164005.026,2026-06-11T08:46:45.026+0100,86,3833.792
08:46:50.119,1781164010.119,2026-06-11T08:46:50.119+0100,91,3838.885
08:46:55.212,1781164015.212,2026-06-11T08:46:55.212+0100,92,3843.978
08:47:00.305,1781164020.305,2026-06-11T08:47:00.305+0100,96,3849.071
08:47:05.398,1781164025.398,2026-06-11T08:47:05.398+0100,91,3854.164
08:47:10.491,1781164030.491,2026-06-11T08:47:10.491+0100,92,3859.257
08:47:15.584,1781164035.584,2026-06-11T08:47:15.584+0100,92,3864.350
08:47:20.677,1781164040.677,2026-06-11T08:47:20.677+0100,100,3869.443
08:47:25.770,1781164045.770,2026-06-11T08:47:25.770+0100,100,3874.536
08:47:35.956,1781164055.956,2026-06-11T08:47:35.956+0100,93,3884.722
08:47:41.049,1781164061.049,2026-06-11T08:47:41.049+0100,93,3889.815
08:47:46.142,1781164066.142,2026-06-11T08:47:46.142+0100,95,3894.908
08:47:51.235,1781164071.235,2026-06-11T08:47:51.235+0100,98,3900.001
08:47:56.328,1781164076.328,2026-06-11T08:47:56.328+0100,99,3905.094
08:48:01.421,1781164081.421,2026-06-11T08:48:01.421+0100,97,3910.187
08:48:06.514,1781164086.514,2026-06-11T08:48:06.514+0100,99,3915.280
08:48:11.607,1781164091.607,2026-06-11T08:48:11.607+0100,101,3920.373
08:48:16.700,1781164096.700,2026-06-11T08:48:16.700+0100,105,3925.466
08:48:21.793,1781164101.793,2026-06-11T08:48:21.793+0100,100,3930.559
08:48:26.886,1781164106.886,2026-06-11T08:48:26.886+0100,101,3935.652
08:48:31.979,1781164111.979,2026-06-11T08:48:31.979+0100,97,3940.745
08:48:37.072,1781164117.072,2026-06-11T08:48:37.072+0100,100,3945.838
08:48:42.165,1781164122.165,2026-06-11T08:48:42.165+0100,97,3950.931
08:48:47.258,1781164127.258,2026-06-11T08:48:47.258+0100,101,3956.024
08:48:52.351,1781164132.351,2026-06-11T08:48:52.351+0100,99,3961.117
08:48:57.444,1781164137.444,2026-06-11T08:48:57.444+0100,102,3966.210
08:49:02.537,1781164142.537,2026-06-11T08:49:02.537+0100,99,3971.303
08:49:07.630,1781164147.630,2026-06-11T08:49:07.630+0100,99,3976.396
08:49:12.723,1781164152.723,2026-06-11T08:49:12.723+0100,97,3981.489
08:49:17.816,1781164157.816,2026-06-11T08:49:17.816+0100,97,3986.582
08:49:22.909,1781164162.909,2026-06-11T08:49:22.909+0100,98,3991.675
08:49:28.002,1781164168.002,2026-06-11T08:49:28.002+0100,103,3996.768
08:49:33.095,1781164173.095,2026-06-11T08:49:33.095+0100,97,4001.861
08:49:38.189,1781164178.189,2026-06-11T08:49:38.189+0100,97,4006.954
08:49:43.282,1781164183.282,2026-06-11T08:49:43.282+0100,100,4012.047
08:49:48.375,1781164188.375,2026-06-11T08:49:48.375+0100,100,4017.140
08:49:53.468,1781164193.468,2026-06-11T08:49:53.468+0100,96,4022.233
08:49:58.561,1781164198.561,2026-06-11T08:49:58.561+0100,98,4027.326
08:50:03.654,1781164203.654,2026-06-11T08:50:03.654+0100,98,4032.419
08:50:08.747,1781164208.747,2026-06-11T08:50:08.747+0100,98,4037.512
08:50:13.840,1781164213.840,2026-06-11T08:50:13.840+0100,98,4042.605
08:50:18.933,1781164218.933,2026-06-11T08:50:18.933+0100,102,4047.699
08:50:24.026,1781164224.026,2026-06-11T08:50:24.026+0100,97,4052.792
08:50:29.119,1781164229.119,2026-06-11T08:50:29.119+0100,101,4057.885
08:50:34.212,1781164234.212,2026-06-11T08:50:34.212+0100,101,4062.978
08:50:39.305,1781164239.305,2026-06-11T08:50:39.305+0100,99,4068.071
08:50:44.398,1781164244.398,2026-06-11T08:50:44.398+0100,99,4073.164
08:50:49.491,1781164249.491,2026-06-11T08:50:49.491+0100,95,4078.257
08:50:54.584,1781164254.584,2026-06-11T08:50:54.584+0100,97,4083.350
08:50:59.677,1781164259.677,2026-06-11T08:50:59.677+0100,96,4088.443
08:51:04.770,1781164264.770,2026-06-11T08:51:04.770+0100,97,4093.536
08:51:09.863,1781164269.863,2026-06-11T08:51:09.863+0100,100,4098.629
08:51:14.956,1781164274.956,2026-06-11T08:51:14.956+0100,98,4103.722
08:51:20.049,1781164280.049,2026-06-11T08:51:20.049+0100,96,4108.815
08:51:25.142,1781164285.142,2026-06-11T08:51:25.142+0100,98,4113.908
08:51:30.235,1781164290.235,2026-06-11T08:51:30.235+0100,100,4119.001
08:51:35.328,1781164295.328,2026-06-11T08:51:35.328+0100,101,4124.094
08:51:40.421,1781164300.421,2026-06-11T08:51:40.421+0100,99,4129.187
08:51:45.514,1781164305.514,2026-06-11T08:51:45.514+0100,97,4134.280
08:51:50.607,1781164310.607,2026-06-11T08:51:50.607+0100,97,4139.373
08:51:55.700,1781164315.700,2026-06-11T08:51:55.700+0100,99,4144.466
08:52:00.793,1781164320.793,2026-06-11T08:52:00.793+0100,99,4149.559
08:52:05.886,1781164325.886,2026-06-11T08:52:05.886+0100,97,4154.652
08:52:10.980,1781164330.980,2026-06-11T08:52:10.980+0100,96,4159.745
08:52:16.073,1781164336.073,2026-06-11T08:52:16.073+0100,99,4164.838
08:52:21.166,1781164341.166,2026-06-11T08:52:21.166+0100,96,4169.931
08:52:26.259,1781164346.259,2026-06-11T08:52:26.259+0100,101,4175.024
08:52:31.352,1781164351.352,2026-06-11T08:52:31.352+0100,99,4180.117
08:52:36.445,1781164356.445,2026-06-11T08:52:36.445+0100,100,4185.210
08:52:41.538,1781164361.538,2026-06-11T08:52:41.538+0100,97,4190.303
08:52:46.631,1781164366.631,2026-06-11T08:52:46.631+0100,98,4195.396
08:52:51.724,1781164371.724,2026-06-11T08:52:51.724+0100,97,4200.490
08:52:56.817,1781164376.817,2026-06-11T08:52:56.817+0100,102,4205.583
08:53:01.910,1781164381.910,2026-06-11T08:53:01.910+0100,101,4210.676
08:53:07.003,1781164387.003,2026-06-11T08:53:07.003+0100,103,4215.769
08:53:12.096,1781164392.096,2026-06-11T08:53:12.096+0100,102,4220.862
08:53:17.189,1781164397.189,2026-06-11T08:53:17.189+0100,99,4225.955
08:53:22.282,1781164402.282,2026-06-11T08:53:22.282+0100,100,4231.048
08:53:27.375,1781164407.375,2026-06-11T08:53:27.375+0100,100,4236.141
08:53:32.468,1781164412.468,2026-06-11T08:53:32.468+0100,100,4241.234
08:53:37.561,1781164417.561,2026-06-11T08:53:37.561+0100,96,4246.327
08:53:42.654,1781164422.654,2026-06-11T08:53:42.654+0100,97,4251.420
08:53:47.747,1781164427.747,2026-06-11T08:53:47.747+0100,94,4256.513
08:53:52.840,1781164432.840,2026-06-11T08:53:52.840+0100,98,4261.606
08:53:57.933,1781164437.933,2026-06-11T08:53:57.933+0100,99,4266.699
08:54:03.026,1781164443.026,2026-06-11T08:54:03.026+0100,99,4271.792
08:54:08.119,1781164448.119,2026-06-11T08:54:08.119+0100,97,4276.885
08:54:13.212,1781164453.212,2026-06-11T08:54:13.212+0100,96,4281.978
08:54:18.305,1781164458.305,2026-06-11T08:54:18.305+0100,95,4287.071
08:54:23.398,1781164463.398,2026-06-11T08:54:23.398+0100,96,4292.164
08:54:28.491,1781164468.491,2026-06-11T08:54:28.491+0100,98,4297.257
08:54:33.584,1781164473.584,2026-06-11T08:54:33.584+0100,101,4302.350
08:54:38.677,1781164478.677,2026-06-11T08:54:38.677+0100,102,4307.443
08:54:43.770,1781164483.770,2026-06-11T08:54:43.770+0100,101,4312.536
08:54:48.863,1781164488.863,2026-06-11T08:54:48.863+0100,100,4317.629
08:54:53.956,1781164493.956,2026-06-11T08:54:53.956+0100,98,4322.722
08:54:59.049,1781164499.049,2026-06-11T08:54:59.049+0100,96,4327.815
08:55:04.142,1781164504.142,2026-06-11T08:55:04.142+0100,98,4332.908
08:55:09.235,1781164509.235,2026-06-11T08:55:09.235+0100,97,4338.001
08:55:14.328,1781164514.328,2026-06-11T08:55:14.328+0100,99,4343.094
08:55:19.421,1781164519.421,2026-06-11T08:55:19.421+0100,96,4348.187
08:55:24.515,1781164524.515,2026-06-11T08:55:24.515+0100,96,4353.280
08:55:29.608,1781164529.608,2026-06-11T08:55:29.608+0100,100,4358.373
08:55:34.701,1781164534.701,2026-06-11T08:55:34.701+0100,99,4363.466
08:55:39.794,1781164539.794,2026-06-11T08:55:39.794+0100,97,4368.559
08:55:54.627,1781164554.627,2026-06-11T08:55:54.627+0100,,4383.393
