Date,Timestamp,ISO8601,Stride Length (mm),Since start (second)
07:42:51.234,1781160171.234,2026-06-11T07:42:51.234+0100,,0.000
07:42:59.989,1781160179.989,2026-06-11T07:42:59.989+0100,1230,8.755
07:43:05.084,1781160185.084,2026-06-11T07:43:05.084+0100,1290,13.849
07:43:10.178,1781160190.178,2026-06-11T07:43:10.178+0100,1290,18.944
07:43:15.272,1781160195.272,2026-06-11T07:43:15.272+0100,1290,24.038
07:43:20.367,1781160200.367,2026-06-11T07:43:20.367+0100,1250,29.132
07:43:25.461,1781160205.461,2026-06-11T07:43:25.461+0100,1250,34.227
07:43:30.555,1781160210.555,2026-06-11T07:43:30.555+0100,1200,39.321
07:43:35.650,1781160215.650,2026-06-11T07:43:35.650+0100,1200,44.415
07:43:40.744,1781160220.744,2026-06-11T07:43:40.744+0100,1220,49.510
07:43:45.838,1781160225.838,2026-06-11T07:43:45.838+0100,1240,54.604
07:43:50.933,1781160230.933,2026-06-11T07:43:50.933+0100,1230,59.698
07:43:56.027,1781160236.027,2026-06-11T07:43:56.027+0100,1240,64.793
07:44:01.121,1781160241.121,2026-06-11T07:44:01.121+0100,1230,69.887
07:44:06.215,1781160246.215,2026-06-11T07:44:06.215+0100,1230,74.981
07:44:11.310,1781160251.310,2026-06-11T07:44:11.310+0100,1240,80.075
07:44:16.404,1781160256.404,2026-06-11T07:44:16.404+0100,1240,85.169
07:44:21.498,1781160261.498,2026-06-11T07:44:21.498+0100,1260,90.264
07:44:26.592,1781160266.592,2026-06-11T07:44:26.592+0100,1260,95.358
07:44:31.686,1781160271.686,2026-06-11T07:44:31.686+0100,1260,100.452
07:44:36.781,1781160276.781,2026-06-11T07:44:36.781+0100,1250,105.546
07:44:41.875,1781160281.875,2026-06-11T07:44:41.875+0100,1270,110.640
07:44:46.969,1781160286.969,2026-06-11T07:44:46.969+0100,1270,115.735
07:44:52.063,1781160292.063,2026-06-11T07:44:52.063+0100,1270,120.829
07:44:57.157,1781160297.157,2026-06-11T07:44:57.157+0100,1270,125.923
07:45:02.251,1781160302.251,2026-06-11T07:45:02.251+0100,1280,131.017
07:45:07.345,1781160307.345,2026-06-11T07:45:07.345+0100,1260,136.111
07:45:12.439,1781160312.439,2026-06-11T07:45:12.439+0100,1300,141.205
07:45:17.533,1781160317.533,2026-06-11T07:45:17.533+0100,1300,146.299
07:45:22.627,1781160322.627,2026-06-11T07:45:22.627+0100,1290,151.393
07:45:27.721,1781160327.721,2026-06-11T07:45:27.721+0100,1300,156.487
07:45:32.815,1781160332.815,2026-06-11T07:45:32.815+0100,1290,161.581
07:45:37.909,1781160337.909,2026-06-11T07:45:37.909+0100,1290,166.675
07:45:43.003,1781160343.003,2026-06-11T07:45:43.003+0100,1120,171.769
07:45:48.097,1781160348.097,2026-06-11T07:45:48.097+0100,1050,176.863
07:45:53.191,1781160353.191,2026-06-11T07:45:53.191+0100,1250,181.957
07:45:58.285,1781160358.285,2026-06-11T07:45:58.285+0100,1150,187.051
07:46:03.379,1781160363.379,2026-06-11T07:46:03.379+0100,1160,192.145
07:46:08.473,1781160368.473,2026-06-11T07:46:08.473+0100,1180,197.239
07:46:13.567,1781160373.567,2026-06-11T07:46:13.567+0100,1180,202.333
07:46:18.661,1781160378.661,2026-06-11T07:46:18.661+0100,1170,207.427
07:46:23.755,1781160383.755,2026-06-11T07:46:23.755+0100,1150,212.521
07:46:28.849,1781160388.849,2026-06-11T07:46:28.849+0100,1160,217.615
07:46:33.943,1781160393.943,2026-06-11T07:46:33.943+0100,1170,222.709
07:46:39.037,1781160399.037,2026-06-11T07:46:39.037+0100,1180,227.803
07:46:44.131,1781160404.131,2026-06-11T07:46:44.131+0100,1180,232.897
07:46:49.225,1781160409.225,2026-06-11T07:46:49.225+0100,1170,237.991
07:46:54.319,1781160414.319,2026-06-11T07:46:54.319+0100,1190,243.084
07:46:59.413,1781160419.413,2026-06-11T07:46:59.413+0100,1210,248.178
07:47:04.506,1781160424.506,2026-06-11T07:47:04.506+0100,1180,253.272
07:47:09.600,1781160429.600,2026-06-11T07:47:09.600+0100,1210,258.366
07:47:14.694,1781160434.694,2026-06-11T07:47:14.694+0100,1220,263.460
07:47:19.788,1781160439.788,2026-06-11T07:47:19.788+0100,1210,268.554
07:50:05.340,1781160605.340,2026-06-11T07:50:05.340+0100,1200,434.106
07:50:10.434,1781160610.434,2026-06-11T07:50:10.434+0100,1140,439.200
07:50:15.528,1781160615.528,2026-06-11T07:50:15.528+0100,1340,444.293
07:50:20.622,1781160620.622,2026-06-11T07:50:20.622+0100,1310,449.387
07:50:25.716,1781160625.716,2026-06-11T07:50:25.716+0100,1290,454.481
07:50:30.809,1781160630.809,2026-06-11T07:50:30.809+0100,1320,459.575
07:50:35.903,1781160635.903,2026-06-11T07:50:35.903+0100,1320,464.669
07:50:40.997,1781160640.997,2026-06-11T07:50:40.997+0100,1330,469.763
07:50:46.091,1781160646.091,2026-06-11T07:50:46.091+0100,1320,474.857
07:50:51.185,1781160651.185,2026-06-11T07:50:51.185+0100,1330,479.950
07:50:56.279,1781160656.279,2026-06-11T07:50:56.279+0100,1330,485.044
07:51:01.372,1781160661.372,2026-06-11T07:51:01.372+0100,1320,490.138
07:51:06.466,1781160666.466,2026-06-11T07:51:06.466+0100,1320,495.232
07:51:11.560,1781160671.560,2026-06-11T07:51:11.560+0100,1320,500.326
07:51:16.654,1781160676.654,2026-06-11T07:51:16.654+0100,1320,505.419
07:51:21.748,1781160681.748,2026-06-11T07:51:21.748+0100,1320,510.513
07:51:26.841,1781160686.841,2026-06-11T07:51:26.841+0100,1310,515.607
07:51:31.935,1781160691.935,2026-06-11T07:51:31.935+0100,1280,520.701
07:51:37.029,1781160697.029,2026-06-11T07:51:37.029+0100,1250,525.794
07:51:42.122,1781160702.122,2026-06-11T07:51:42.122+0100,1210,530.888
07:51:47.216,1781160707.216,2026-06-11T07:51:47.216+0100,1200,535.982
07:51:52.310,1781160712.310,2026-06-11T07:51:52.310+0100,1210,541.076
07:51:57.404,1781160717.404,2026-06-11T07:51:57.404+0100,1220,546.169
07:52:02.497,1781160722.497,2026-06-11T07:52:02.497+0100,1180,551.263
07:52:07.591,1781160727.591,2026-06-11T07:52:07.591+0100,1200,556.357
07:52:12.685,1781160732.685,2026-06-11T07:52:12.685+0100,1210,561.451
07:52:17.779,1781160737.779,2026-06-11T07:52:17.779+0100,1250,566.544
07:52:22.872,1781160742.872,2026-06-11T07:52:22.872+0100,1290,571.638
07:52:27.966,1781160747.966,2026-06-11T07:52:27.966+0100,1290,576.732
07:52:33.060,1781160753.060,2026-06-11T07:52:33.060+0100,1290,581.825
07:52:38.153,1781160758.153,2026-06-11T07:52:38.153+0100,1260,586.919
07:52:43.247,1781160763.247,2026-06-11T07:52:43.247+0100,1220,592.013
07:52:48.341,1781160768.341,2026-06-11T07:52:48.341+0100,1210,597.107
07:52:53.435,1781160773.435,2026-06-11T07:52:53.435+0100,1220,602.200
07:52:58.528,1781160778.528,2026-06-11T07:52:58.528+0100,1240,607.294
07:53:03.622,1781160783.622,2026-06-11T07:53:03.622+0100,1260,612.388
07:53:08.716,1781160788.716,2026-06-11T07:53:08.716+0100,1280,617.481
07:53:13.809,1781160793.809,2026-06-11T07:53:13.809+0100,1290,622.575
07:53:18.903,1781160798.903,2026-06-11T07:53:18.903+0100,1320,627.669
07:53:23.996,1781160803.996,2026-06-11T07:53:23.996+0100,1310,632.762
07:53:29.090,1781160809.090,2026-06-11T07:53:29.090+0100,1320,637.856
07:53:34.184,1781160814.184,2026-06-11T07:53:34.184+0100,1310,642.949
07:53:39.277,1781160819.277,2026-06-11T07:53:39.277+0100,1310,648.043
07:53:44.371,1781160824.371,2026-06-11T07:53:44.371+0100,1300,653.137
07:53:49.465,1781160829.465,2026-06-11T07:53:49.465+0100,1290,658.230
07:53:54.558,1781160834.558,2026-06-11T07:53:54.558+0100,1300,663.324
07:53:59.652,1781160839.652,2026-06-11T07:53:59.652+0100,1300,668.418
07:54:04.745,1781160844.745,2026-06-11T07:54:04.745+0100,1290,673.511
07:54:09.839,1781160849.839,2026-06-11T07:54:09.839+0100,1300,678.605
07:54:14.933,1781160854.933,2026-06-11T07:54:14.933+0100,1310,683.698
07:54:20.026,1781160860.026,2026-06-11T07:54:20.026+0100,1300,688.792
07:54:25.120,1781160865.120,2026-06-11T07:54:25.120+0100,1320,693.886
07:54:30.213,1781160870.213,2026-06-11T07:54:30.213+0100,1310,698.979
07:54:35.307,1781160875.307,2026-06-11T07:54:35.307+0100,1300,704.073
07:54:40.401,1781160880.401,2026-06-11T07:54:40.401+0100,1310,709.166
07:54:45.494,1781160885.494,2026-06-11T07:54:45.494+0100,1300,714.260
07:54:55.681,1781160895.681,2026-06-11T07:54:55.681+0100,1300,724.447
07:55:00.775,1781160900.775,2026-06-11T07:55:00.775+0100,1330,729.541
07:55:05.869,1781160905.869,2026-06-11T07:55:05.869+0100,1310,734.634
07:55:10.962,1781160910.962,2026-06-11T07:55:10.962+0100,1300,739.728
07:55:16.056,1781160916.056,2026-06-11T07:55:16.056+0100,1300,744.821
07:55:21.149,1781160921.149,2026-06-11T07:55:21.149+0100,1320,749.915
07:55:26.243,1781160926.243,2026-06-11T07:55:26.243+0100,1320,755.009
07:55:31.336,1781160931.336,2026-06-11T07:55:31.336+0100,1320,760.102
07:55:36.430,1781160936.430,2026-06-11T07:55:36.430+0100,1040,765.196
07:55:41.524,1781160941.524,2026-06-11T07:55:41.524+0100,1280,770.289
07:55:46.617,1781160946.617,2026-06-11T07:55:46.617+0100,1280,775.383
07:55:51.711,1781160951.711,2026-06-11T07:55:51.711+0100,1280,780.476
07:55:56.804,1781160956.804,2026-06-11T07:55:56.804+0100,1300,785.570
07:56:01.898,1781160961.898,2026-06-11T07:56:01.898+0100,1290,790.664
07:56:06.991,1781160966.991,2026-06-11T07:56:06.991+0100,1280,795.757
07:56:12.085,1781160972.085,2026-06-11T07:56:12.085+0100,1270,800.851
07:56:17.178,1781160977.178,2026-06-11T07:56:17.178+0100,1270,805.944
07:56:22.272,1781160982.272,2026-06-11T07:56:22.272+0100,1260,811.038
07:56:32.459,1781160992.459,2026-06-11T07:56:32.459+0100,1280,821.225
07:56:37.553,1781160997.553,2026-06-11T07:56:37.553+0100,1260,826.318
07:56:42.646,1781161002.646,2026-06-11T07:56:42.646+0100,1250,831.412
07:56:47.740,1781161007.740,2026-06-11T07:56:47.740+0100,1250,836.505
07:56:52.833,1781161012.833,2026-06-11T07:56:52.833+0100,1250,841.599
07:56:57.927,1781161017.927,2026-06-11T07:56:57.927+0100,1260,846.692
07:57:03.020,1781161023.020,2026-06-11T07:57:03.020+0100,1250,851.786
07:57:08.114,1781161028.114,2026-06-11T07:57:08.114+0100,1260,856.879
07:57:13.207,1781161033.207,2026-06-11T07:57:13.207+0100,1280,861.973
07:57:18.301,1781161038.301,2026-06-11T07:57:18.301+0100,1290,867.066
07:57:23.394,1781161043.394,2026-06-11T07:57:23.394+0100,1300,872.160
07:57:28.488,1781161048.488,2026-06-11T07:57:28.488+0100,1310,877.253
07:57:33.581,1781161053.581,2026-06-11T07:57:33.581+0100,1300,882.347
07:57:38.675,1781161058.675,2026-06-11T07:57:38.675+0100,1300,887.440
07:57:43.768,1781161063.768,2026-06-11T07:57:43.768+0100,1290,892.534
07:57:48.861,1781161068.861,2026-06-11T07:57:48.861+0100,1300,897.627
07:57:53.955,1781161073.955,2026-06-11T07:57:53.955+0100,1310,902.721
07:57:59.048,1781161079.048,2026-06-11T07:57:59.048+0100,1300,907.814
07:58:04.142,1781161084.142,2026-06-11T07:58:04.142+0100,1300,912.907
07:58:09.235,1781161089.235,2026-06-11T07:58:09.235+0100,1240,918.001
07:58:14.329,1781161094.329,2026-06-11T07:58:14.329+0100,1200,923.094
07:58:19.422,1781161099.422,2026-06-11T07:58:19.422+0100,1230,928.188
07:58:24.515,1781161104.515,2026-06-11T07:58:24.515+0100,1230,933.281
07:58:29.609,1781161109.609,2026-06-11T07:58:29.609+0100,1240,938.375
07:58:34.702,1781161114.702,2026-06-11T07:58:34.702+0100,1240,943.468
07:58:39.796,1781161119.796,2026-06-11T07:58:39.796+0100,1250,948.561
07:58:44.889,1781161124.889,2026-06-11T07:58:44.889+0100,1270,953.655
07:58:49.983,1781161129.983,2026-06-11T07:58:49.983+0100,1260,958.748
07:58:55.076,1781161135.076,2026-06-11T07:58:55.076+0100,1280,963.842
07:59:00.169,1781161140.169,2026-06-11T07:59:00.169+0100,1270,968.935
07:59:05.263,1781161145.263,2026-06-11T07:59:05.263+0100,1280,974.028
07:59:10.356,1781161150.356,2026-06-11T07:59:10.356+0100,1290,979.122
07:59:15.449,1781161155.449,2026-06-11T07:59:15.449+0100,1310,984.215
07:59:20.543,1781161160.543,2026-06-11T07:59:20.543+0100,1300,989.308
07:59:25.636,1781161165.636,2026-06-11T07:59:25.636+0100,1320,994.402
07:59:30.730,1781161170.730,2026-06-11T07:59:30.730+0100,1310,999.495
07:59:35.823,1781161175.823,2026-06-11T07:59:35.823+0100,1290,1004.589
07:59:40.916,1781161180.916,2026-06-11T07:59:40.916+0100,1290,1009.682
07:59:46.010,1781161186.010,2026-06-11T07:59:46.010+0100,1290,1014.775
07:59:51.103,1781161191.103,2026-06-11T07:59:51.103+0100,1230,1019.869
07:59:56.196,1781161196.196,2026-06-11T07:59:56.196+0100,1250,1024.962
08:00:01.290,1781161201.290,2026-06-11T08:00:01.290+0100,1280,1030.055
08:00:06.383,1781161206.383,2026-06-11T08:00:06.383+0100,1300,1035.149
08:00:11.476,1781161211.476,2026-06-11T08:00:11.476+0100,1270,1040.242
08:00:16.570,1781161216.570,2026-06-11T08:00:16.570+0100,1270,1045.335
08:00:21.663,1781161221.663,2026-06-11T08:00:21.663+0100,1290,1050.429
08:00:26.756,1781161226.756,2026-06-11T08:00:26.756+0100,1300,1055.522
08:00:31.850,1781161231.850,2026-06-11T08:00:31.850+0100,1280,1060.615
08:00:36.943,1781161236.943,2026-06-11T08:00:36.943+0100,1290,1065.709
08:00:42.036,1781161242.036,2026-06-11T08:00:42.036+0100,1290,1070.802
08:00:47.129,1781161247.129,2026-06-11T08:00:47.129+0100,1280,1075.895
08:00:52.223,1781161252.223,2026-06-11T08:00:52.223+0100,1300,1080.988
08:00:57.316,1781161257.316,2026-06-11T08:00:57.316+0100,1290,1086.082
08:01:02.409,1781161262.409,2026-06-11T08:01:02.409+0100,1280,1091.175
08:01:07.503,1781161267.503,2026-06-11T08:01:07.503+0100,1300,1096.268
08:01:12.596,1781161272.596,2026-06-11T08:01:12.596+0100,1320,1101.362
08:01:17.689,1781161277.689,2026-06-11T08:01:17.689+0100,1330,1106.455
08:01:22.783,1781161282.783,2026-06-11T08:01:22.783+0100,1360,1111.548
08:01:27.876,1781161287.876,2026-06-11T08:01:27.876+0100,1350,1116.642
08:01:32.969,1781161292.969,2026-06-11T08:01:32.969+0100,1360,1121.735
08:01:38.062,1781161298.062,2026-06-11T08:01:38.062+0100,1310,1126.828
08:01:43.156,1781161303.156,2026-06-11T08:01:43.156+0100,1280,1131.921
08:01:48.249,1781161308.249,2026-06-11T08:01:48.249+0100,1280,1137.015
08:01:53.342,1781161313.342,2026-06-11T08:01:53.342+0100,1290,1142.108
08:01:58.436,1781161318.436,2026-06-11T08:01:58.436+0100,1280,1147.201
08:02:03.529,1781161323.529,2026-06-11T08:02:03.529+0100,1290,1152.295
08:03:50.489,1781161430.489,2026-06-11T08:03:50.489+0100,1050,1259.255
08:03:55.582,1781161435.582,2026-06-11T08:03:55.582+0100,1160,1264.348
08:04:00.676,1781161440.676,2026-06-11T08:04:00.676+0100,1180,1269.441
08:04:05.769,1781161445.769,2026-06-11T08:04:05.769+0100,1190,1274.535
08:04:10.863,1781161450.863,2026-06-11T08:04:10.863+0100,1210,1279.628
08:04:15.956,1781161455.956,2026-06-11T08:04:15.956+0100,1210,1284.722
08:04:21.049,1781161461.049,2026-06-11T08:04:21.049+0100,1210,1289.815
08:04:26.143,1781161466.143,2026-06-11T08:04:26.143+0100,1210,1294.909
08:04:31.236,1781161471.236,2026-06-11T08:04:31.236+0100,1200,1300.002
08:04:36.330,1781161476.330,2026-06-11T08:04:36.330+0100,1140,1305.095
08:04:41.423,1781161481.423,2026-06-11T08:04:41.423+0100,1110,1310.189
08:04:46.516,1781161486.516,2026-06-11T08:04:46.516+0100,1100,1315.282
08:04:51.610,1781161491.610,2026-06-11T08:04:51.610+0100,1040,1320.376
08:04:56.703,1781161496.703,2026-06-11T08:04:56.703+0100,1160,1325.469
08:05:01.797,1781161501.797,2026-06-11T08:05:01.797+0100,1160,1330.562
08:05:11.983,1781161511.983,2026-06-11T08:05:11.983+0100,1440,1340.749
08:05:17.077,1781161517.077,2026-06-11T08:05:17.077+0100,1420,1345.843
08:05:22.170,1781161522.170,2026-06-11T08:05:22.170+0100,1390,1350.936
08:05:27.264,1781161527.264,2026-06-11T08:05:27.264+0100,1220,1356.029
08:05:32.357,1781161532.357,2026-06-11T08:05:32.357+0100,1220,1361.123
08:05:37.450,1781161537.450,2026-06-11T08:05:37.450+0100,1230,1366.216
08:05:42.544,1781161542.544,2026-06-11T08:05:42.544+0100,1330,1371.309
08:05:47.637,1781161547.637,2026-06-11T08:05:47.637+0100,1310,1376.403
08:05:52.731,1781161552.731,2026-06-11T08:05:52.731+0100,1270,1381.496
08:05:57.824,1781161557.824,2026-06-11T08:05:57.824+0100,1210,1386.590
08:06:02.917,1781161562.917,2026-06-11T08:06:02.917+0100,1000,1391.683
08:06:08.011,1781161568.011,2026-06-11T08:06:08.011+0100,1600,1396.776
08:06:13.104,1781161573.104,2026-06-11T08:06:13.104+0100,1460,1401.870
08:06:18.197,1781161578.197,2026-06-11T08:06:18.197+0100,1610,1406.963
08:06:23.291,1781161583.291,2026-06-11T08:06:23.291+0100,1560,1412.056
08:06:28.384,1781161588.384,2026-06-11T08:06:28.384+0100,1570,1417.150
08:06:33.477,1781161593.477,2026-06-11T08:06:33.477+0100,1560,1422.243
08:06:38.571,1781161598.571,2026-06-11T08:06:38.571+0100,1570,1427.336
08:06:43.664,1781161603.664,2026-06-11T08:06:43.664+0100,1570,1432.430
08:06:48.757,1781161608.757,2026-06-11T08:06:48.757+0100,1620,1437.523
08:06:53.850,1781161613.850,2026-06-11T08:06:53.850+0100,1630,1442.616
08:06:58.944,1781161618.944,2026-06-11T08:06:58.944+0100,1600,1447.709
08:07:04.037,1781161624.037,2026-06-11T08:07:04.037+0100,1610,1452.803
08:07:09.130,1781161629.130,2026-06-11T08:07:09.130+0100,1560,1457.896
08:07:14.224,1781161634.224,2026-06-11T08:07:14.224+0100,1550,1462.989
08:07:19.317,1781161639.317,2026-06-11T08:07:19.317+0100,1540,1468.083
08:07:24.410,1781161644.410,2026-06-11T08:07:24.410+0100,1560,1473.176
08:07:29.503,1781161649.503,2026-06-11T08:07:29.503+0100,1560,1478.269
08:07:34.597,1781161654.597,2026-06-11T08:07:34.597+0100,1540,1483.362
08:07:39.690,1781161659.690,2026-06-11T08:07:39.690+0100,1570,1488.455
08:07:44.783,1781161664.783,2026-06-11T08:07:44.783+0100,1560,1493.549
08:07:49.876,1781161669.876,2026-06-11T08:07:49.876+0100,1560,1498.642
08:07:54.969,1781161674.969,2026-06-11T08:07:54.969+0100,1560,1503.735
08:08:00.063,1781161680.063,2026-06-11T08:08:00.063+0100,1520,1508.828
08:08:05.156,1781161685.156,2026-06-11T08:08:05.156+0100,1530,1513.922
08:08:10.249,1781161690.249,2026-06-11T08:08:10.249+0100,1550,1519.015
08:08:15.342,1781161695.342,2026-06-11T08:08:15.342+0100,1550,1524.108
08:08:25.529,1781161705.529,2026-06-11T08:08:25.529+0100,1580,1534.294
08:08:30.622,1781161710.622,2026-06-11T08:08:30.622+0100,1550,1539.388
08:08:35.715,1781161715.715,2026-06-11T08:08:35.715+0100,1550,1544.481
08:08:40.808,1781161720.808,2026-06-11T08:08:40.808+0100,1550,1549.574
08:08:45.901,1781161725.901,2026-06-11T08:08:45.901+0100,1560,1554.667
08:08:50.995,1781161730.995,2026-06-11T08:08:50.995+0100,1570,1559.760
08:08:56.088,1781161736.088,2026-06-11T08:08:56.088+0100,1550,1564.854
08:09:01.181,1781161741.181,2026-06-11T08:09:01.181+0100,1550,1569.947
08:09:06.274,1781161746.274,2026-06-11T08:09:06.274+0100,1560,1575.040
08:09:11.367,1781161751.367,2026-06-11T08:09:11.367+0100,1460,1580.133
08:09:16.461,1781161756.461,2026-06-11T08:09:16.461+0100,1180,1585.226
08:09:21.554,1781161761.554,2026-06-11T08:09:21.554+0100,1250,1590.319
08:09:26.647,1781161766.647,2026-06-11T08:09:26.647+0100,1230,1595.413
08:09:36.833,1781161776.833,2026-06-11T08:09:36.833+0100,1430,1605.599
08:09:41.927,1781161781.927,2026-06-11T08:09:41.927+0100,1300,1610.692
08:09:47.020,1781161787.020,2026-06-11T08:09:47.020+0100,1410,1615.785
08:09:52.113,1781161792.113,2026-06-11T08:09:52.113+0100,1390,1620.879
08:09:57.206,1781161797.206,2026-06-11T08:09:57.206+0100,1380,1625.972
08:10:02.299,1781161802.299,2026-06-11T08:10:02.299+0100,1260,1631.065
08:10:07.392,1781161807.392,2026-06-11T08:10:07.392+0100,1260,1636.158
08:10:12.486,1781161812.486,2026-06-11T08:10:12.486+0100,1290,1641.251
08:10:17.579,1781161817.579,2026-06-11T08:10:17.579+0100,1290,1646.345
08:10:22.672,1781161822.672,2026-06-11T08:10:22.672+0100,1270,1651.438
08:10:27.765,1781161827.765,2026-06-11T08:10:27.765+0100,1330,1656.531
08:10:37.952,1781161837.952,2026-06-11T08:10:37.951+0100,1290,1666.717
08:10:43.045,1781161843.045,2026-06-11T08:10:43.045+0100,1320,1671.810
08:10:48.138,1781161848.138,2026-06-11T08:10:48.138+0100,1310,1676.904
08:10:53.231,1781161853.231,2026-06-11T08:10:53.231+0100,1300,1681.997
08:10:58.324,1781161858.324,2026-06-11T08:10:58.324+0100,1290,1687.090
08:11:03.417,1781161863.417,2026-06-11T08:11:03.417+0100,1300,1692.183
08:11:08.510,1781161868.510,2026-06-11T08:11:08.510+0100,1300,1697.276
08:11:13.604,1781161873.604,2026-06-11T08:11:13.604+0100,1320,1702.369
08:11:23.790,1781161883.790,2026-06-11T08:11:23.790+0100,1310,1712.556
08:11:28.883,1781161888.883,2026-06-11T08:11:28.883+0100,1310,1717.649
08:11:33.976,1781161893.976,2026-06-11T08:11:33.976+0100,1380,1722.742
08:11:39.069,1781161899.069,2026-06-11T08:11:39.069+0100,1550,1727.835
08:11:44.162,1781161904.162,2026-06-11T08:11:44.162+0100,1560,1732.928
08:11:49.255,1781161909.255,2026-06-11T08:11:49.255+0100,1540,1738.021
08:11:54.349,1781161914.349,2026-06-11T08:11:54.349+0100,1520,1743.114
08:11:59.442,1781161919.442,2026-06-11T08:11:59.442+0100,1540,1748.207
08:12:04.535,1781161924.535,2026-06-11T08:12:04.535+0100,1530,1753.301
08:12:09.628,1781161929.628,2026-06-11T08:12:09.628+0100,1510,1758.394
08:12:14.721,1781161934.721,2026-06-11T08:12:14.721+0100,1530,1763.487
08:12:19.814,1781161939.814,2026-06-11T08:12:19.814+0100,1550,1768.580
08:12:24.907,1781161944.907,2026-06-11T08:12:24.907+0100,1520,1773.673
08:12:30.000,1781161950.000,2026-06-11T08:12:30.000+0100,1570,1778.766
08:12:35.093,1781161955.093,2026-06-11T08:12:35.093+0100,1540,1783.859
08:12:40.186,1781161960.186,2026-06-11T08:12:40.186+0100,1520,1788.952
08:12:45.280,1781161965.280,2026-06-11T08:12:45.280+0100,1550,1794.045
08:12:50.373,1781161970.373,2026-06-11T08:12:50.373+0100,1530,1799.138
08:12:55.466,1781161975.466,2026-06-11T08:12:55.466+0100,1540,1804.231
08:13:00.559,1781161980.559,2026-06-11T08:13:00.559+0100,1530,1809.324
08:13:05.652,1781161985.652,2026-06-11T08:13:05.652+0100,1530,1814.418
08:13:10.745,1781161990.745,2026-06-11T08:13:10.745+0100,1520,1819.511
08:13:15.838,1781161995.838,2026-06-11T08:13:15.838+0100,1520,1824.604
08:13:20.931,1781162000.931,2026-06-11T08:13:20.931+0100,1530,1829.697
08:13:26.024,1781162006.024,2026-06-11T08:13:26.024+0100,1520,1834.790
08:13:31.117,1781162011.117,2026-06-11T08:13:31.117+0100,1530,1839.883
08:13:36.210,1781162016.210,2026-06-11T08:13:36.210+0100,1530,1844.976
08:13:41.303,1781162021.303,2026-06-11T08:13:41.303+0100,1520,1850.069
08:13:46.396,1781162026.396,2026-06-11T08:13:46.396+0100,1510,1855.162
08:13:51.489,1781162031.489,2026-06-11T08:13:51.489+0100,1490,1860.255
08:13:56.582,1781162036.582,2026-06-11T08:13:56.582+0100,1540,1865.348
08:14:01.675,1781162041.675,2026-06-11T08:14:01.675+0100,1480,1870.441
08:14:06.768,1781162046.768,2026-06-11T08:14:06.768+0100,1480,1875.534
08:14:11.861,1781162051.861,2026-06-11T08:14:11.861+0100,1520,1880.627
08:14:16.954,1781162056.954,2026-06-11T08:14:16.954+0100,1550,1885.720
08:14:22.047,1781162062.047,2026-06-11T08:14:22.047+0100,1520,1890.813
08:14:27.140,1781162067.140,2026-06-11T08:14:27.140+0100,1510,1895.906
08:14:32.233,1781162072.233,2026-06-11T08:14:32.233+0100,1510,1900.999
08:14:37.326,1781162077.326,2026-06-11T08:14:37.326+0100,1500,1906.092
08:14:42.419,1781162082.419,2026-06-11T08:14:42.419+0100,1400,1911.185
08:14:47.512,1781162087.512,2026-06-11T08:14:47.512+0100,1360,1916.278
08:14:52.605,1781162092.605,2026-06-11T08:14:52.605+0100,1320,1921.371
08:14:57.698,1781162097.698,2026-06-11T08:14:57.698+0100,1320,1926.464
08:15:02.791,1781162102.791,2026-06-11T08:15:02.791+0100,1330,1931.557
08:15:07.884,1781162107.884,2026-06-11T08:15:07.884+0100,1280,1936.650
08:15:12.977,1781162112.977,2026-06-11T08:15:12.977+0100,1230,1941.743
08:15:18.070,1781162118.070,2026-06-11T08:15:18.070+0100,1250,1946.836
08:15:23.163,1781162123.163,2026-06-11T08:15:23.163+0100,1260,1951.929
08:15:28.257,1781162128.257,2026-06-11T08:15:28.257+0100,1270,1957.022
08:15:33.350,1781162133.350,2026-06-11T08:15:33.350+0100,1280,1962.115
08:15:38.443,1781162138.443,2026-06-11T08:15:38.443+0100,1300,1967.208
08:15:43.536,1781162143.536,2026-06-11T08:15:43.536+0100,1320,1972.301
08:15:48.629,1781162148.629,2026-06-11T08:15:48.629+0100,1330,1977.394
08:15:53.722,1781162153.722,2026-06-11T08:15:53.722+0100,1330,1982.487
08:16:03.908,1781162163.908,2026-06-11T08:16:03.908+0100,1290,1992.673
08:16:09.001,1781162169.001,2026-06-11T08:16:09.001+0100,1290,1997.766
08:16:14.094,1781162174.094,2026-06-11T08:16:14.094+0100,1400,2002.859
08:16:19.187,1781162179.187,2026-06-11T08:16:19.187+0100,1310,2007.952
08:16:24.280,1781162184.280,2026-06-11T08:16:24.280+0100,1310,2013.045
08:16:29.372,1781162189.372,2026-06-11T08:16:29.372+0100,1320,2018.138
08:16:34.465,1781162194.465,2026-06-11T08:16:34.465+0100,1390,2023.231
08:16:44.651,1781162204.651,2026-06-11T08:16:44.651+0100,1330,2033.417
08:16:49.744,1781162209.744,2026-06-11T08:16:49.744+0100,1350,2038.510
08:16:54.837,1781162214.837,2026-06-11T08:16:54.837+0100,1330,2043.603
08:16:59.930,1781162219.930,2026-06-11T08:16:59.930+0100,1330,2048.696
08:17:05.023,1781162225.023,2026-06-11T08:17:05.023+0100,1340,2053.789
08:17:10.116,1781162230.116,2026-06-11T08:17:10.116+0100,1380,2058.882
08:17:15.209,1781162235.209,2026-06-11T08:17:15.209+0100,1450,2063.975
08:17:20.302,1781162240.302,2026-06-11T08:17:20.302+0100,1510,2069.068
08:17:25.395,1781162245.395,2026-06-11T08:17:25.395+0100,1530,2074.161
08:17:30.488,1781162250.488,2026-06-11T08:17:30.488+0100,1540,2079.254
08:17:35.581,1781162255.581,2026-06-11T08:17:35.581+0100,1590,2084.347
08:17:40.674,1781162260.674,2026-06-11T08:17:40.674+0100,1560,2089.440
08:17:45.767,1781162265.767,2026-06-11T08:17:45.767+0100,1560,2094.533
08:17:50.860,1781162270.860,2026-06-11T08:17:50.860+0100,1570,2099.626
08:17:55.953,1781162275.953,2026-06-11T08:17:55.953+0100,1550,2104.719
08:18:01.046,1781162281.046,2026-06-11T08:18:01.046+0100,1520,2109.812
08:18:06.139,1781162286.139,2026-06-11T08:18:06.139+0100,1540,2114.905
08:18:11.232,1781162291.232,2026-06-11T08:18:11.232+0100,1550,2119.998
08:18:16.325,1781162296.325,2026-06-11T08:18:16.325+0100,1570,2125.091
08:18:21.418,1781162301.418,2026-06-11T08:18:21.418+0100,1570,2130.184
08:18:26.511,1781162306.511,2026-06-11T08:18:26.511+0100,1590,2135.277
08:18:31.604,1781162311.604,2026-06-11T08:18:31.604+0100,1580,2140.370
08:18:36.697,1781162316.697,2026-06-11T08:18:36.697+0100,1580,2145.463
08:18:41.790,1781162321.790,2026-06-11T08:18:41.790+0100,1570,2150.556
08:18:46.883,1781162326.883,2026-06-11T08:18:46.883+0100,1550,2155.649
08:18:51.976,1781162331.976,2026-06-11T08:18:51.976+0100,1540,2160.742
08:18:57.069,1781162337.069,2026-06-11T08:18:57.069+0100,1550,2165.835
08:19:02.162,1781162342.162,2026-06-11T08:19:02.162+0100,1550,2170.928
08:19:07.255,1781162347.255,2026-06-11T08:19:07.255+0100,1570,2176.021
08:19:17.441,1781162357.441,2026-06-11T08:19:17.441+0100,1480,2186.207
08:19:22.534,1781162362.534,2026-06-11T08:19:22.534+0100,1560,2191.300
08:19:27.627,1781162367.627,2026-06-11T08:19:27.627+0100,1550,2196.393
08:19:32.720,1781162372.720,2026-06-11T08:19:32.720+0100,1550,2201.486
08:19:37.813,1781162377.813,2026-06-11T08:19:37.813+0100,1450,2206.578
08:19:42.906,1781162382.906,2026-06-11T08:19:42.906+0100,1460,2211.671
08:19:47.999,1781162387.999,2026-06-11T08:19:47.999+0100,1480,2216.764
08:19:53.092,1781162393.092,2026-06-11T08:19:53.092+0100,1520,2221.857
08:19:58.185,1781162398.185,2026-06-11T08:19:58.185+0100,1520,2226.950
08:20:08.371,1781162408.371,2026-06-11T08:20:08.371+0100,1380,2237.136
08:20:13.464,1781162413.464,2026-06-11T08:20:13.464+0100,1320,2242.229
08:20:18.557,1781162418.557,2026-06-11T08:20:18.557+0100,1270,2247.322
08:20:23.650,1781162423.650,2026-06-11T08:20:23.650+0100,1260,2252.415
08:20:28.743,1781162428.743,2026-06-11T08:20:28.743+0100,1270,2257.508
08:20:33.836,1781162433.836,2026-06-11T08:20:33.836+0100,1270,2262.601
08:20:38.929,1781162438.929,2026-06-11T08:20:38.929+0100,1260,2267.694
08:20:44.022,1781162444.022,2026-06-11T08:20:44.022+0100,1280,2272.787
08:20:49.114,1781162449.114,2026-06-11T08:20:49.114+0100,1290,2277.880
08:20:54.207,1781162454.207,2026-06-11T08:20:54.207+0100,1270,2282.973
08:20:59.300,1781162459.300,2026-06-11T08:20:59.300+0100,1300,2288.066
08:21:04.393,1781162464.393,2026-06-11T08:21:04.393+0100,1280,2293.159
08:21:09.486,1781162469.486,2026-06-11T08:21:09.486+0100,1270,2298.252
08:21:14.579,1781162474.579,2026-06-11T08:21:14.579+0100,1270,2303.345
08:21:19.672,1781162479.672,2026-06-11T08:21:19.672+0100,1300,2308.438
08:21:24.765,1781162484.765,2026-06-11T08:21:24.765+0100,1300,2313.531
08:21:29.858,1781162489.858,2026-06-11T08:21:29.858+0100,1310,2318.624
08:21:34.951,1781162494.951,2026-06-11T08:21:34.951+0100,1290,2323.717
08:21:40.044,1781162500.044,2026-06-11T08:21:40.044+0100,1160,2328.810
08:21:45.137,1781162505.137,2026-06-11T08:21:45.137+0100,1270,2333.903
08:21:50.230,1781162510.230,2026-06-11T08:21:50.230+0100,1200,2338.996
08:22:00.417,1781162520.417,2026-06-11T08:22:00.417+0100,1260,2349.182
08:22:05.510,1781162525.510,2026-06-11T08:22:05.510+0100,1260,2354.275
08:22:10.603,1781162530.603,2026-06-11T08:22:10.603+0100,1260,2359.368
08:22:15.696,1781162535.696,2026-06-11T08:22:15.696+0100,1260,2364.461
08:22:20.789,1781162540.789,2026-06-11T08:22:20.789+0100,1260,2369.554
08:22:25.882,1781162545.882,2026-06-11T08:22:25.882+0100,1390,2374.647
08:22:30.975,1781162550.975,2026-06-11T08:22:30.975+0100,1500,2379.740
08:22:36.068,1781162556.068,2026-06-11T08:22:36.068+0100,1510,2384.833
08:22:41.161,1781162561.161,2026-06-11T08:22:41.161+0100,1530,2389.926
08:22:46.254,1781162566.254,2026-06-11T08:22:46.254+0100,1560,2395.019
08:22:51.347,1781162571.347,2026-06-11T08:22:51.347+0100,1530,2400.112
08:22:56.440,1781162576.440,2026-06-11T08:22:56.440+0100,1560,2405.205
08:23:01.533,1781162581.533,2026-06-11T08:23:01.533+0100,1580,2410.298
08:23:06.626,1781162586.626,2026-06-11T08:23:06.626+0100,1590,2415.391
08:23:11.719,1781162591.719,2026-06-11T08:23:11.719+0100,1570,2420.484
08:23:16.812,1781162596.812,2026-06-11T08:23:16.812+0100,1560,2425.577
08:23:21.905,1781162601.905,2026-06-11T08:23:21.905+0100,1540,2430.670
08:23:26.998,1781162606.998,2026-06-11T08:23:26.998+0100,1550,2435.763
08:23:32.091,1781162612.091,2026-06-11T08:23:32.091+0100,1530,2440.857
08:23:37.184,1781162617.184,2026-06-11T08:23:37.184+0100,1520,2445.950
08:23:42.277,1781162622.277,2026-06-11T08:23:42.277+0100,1510,2451.043
08:23:47.370,1781162627.370,2026-06-11T08:23:47.370+0100,1510,2456.136
08:23:52.463,1781162632.463,2026-06-11T08:23:52.463+0100,1500,2461.229
08:23:57.556,1781162637.556,2026-06-11T08:23:57.556+0100,1510,2466.322
08:24:02.649,1781162642.649,2026-06-11T08:24:02.649+0100,1510,2471.415
08:24:07.742,1781162647.742,2026-06-11T08:24:07.742+0100,1510,2476.508
08:24:12.835,1781162652.835,2026-06-11T08:24:12.835+0100,1530,2481.601
08:24:17.928,1781162657.928,2026-06-11T08:24:17.928+0100,1530,2486.694
08:24:23.021,1781162663.021,2026-06-11T08:24:23.021+0100,1520,2491.787
08:24:28.114,1781162668.114,2026-06-11T08:24:28.114+0100,1520,2496.880
08:24:33.207,1781162673.207,2026-06-11T08:24:33.207+0100,1510,2501.973
08:24:43.393,1781162683.393,2026-06-11T08:24:43.393+0100,1520,2512.159
08:24:48.486,1781162688.486,2026-06-11T08:24:48.486+0100,1560,2517.252
08:24:53.579,1781162693.579,2026-06-11T08:24:53.579+0100,1560,2522.345
08:24:58.672,1781162698.672,2026-06-11T08:24:58.672+0100,1560,2527.438
08:25:03.765,1781162703.765,2026-06-11T08:25:03.765+0100,1570,2532.531
08:25:08.858,1781162708.858,2026-06-11T08:25:08.858+0100,1540,2537.624
08:25:13.951,1781162713.951,2026-06-11T08:25:13.951+0100,1540,2542.717
08:25:19.044,1781162719.044,2026-06-11T08:25:19.044+0100,1540,2547.810
08:25:24.137,1781162724.137,2026-06-11T08:25:24.137+0100,1130,2552.903
08:25:29.230,1781162729.230,2026-06-11T08:25:29.230+0100,1160,2557.996
08:25:34.323,1781162734.323,2026-06-11T08:25:34.323+0100,1200,2563.089
08:25:39.416,1781162739.416,2026-06-11T08:25:39.416+0100,1230,2568.182
08:25:44.509,1781162744.509,2026-06-11T08:25:44.509+0100,1220,2573.275
08:25:49.602,1781162749.602,2026-06-11T08:25:49.602+0100,1240,2578.368
08:25:54.695,1781162754.695,2026-06-11T08:25:54.695+0100,1240,2583.461
08:25:59.788,1781162759.788,2026-06-11T08:25:59.788+0100,1260,2588.554
08:26:04.881,1781162764.881,2026-06-11T08:26:04.881+0100,1280,2593.647
08:26:09.974,1781162769.974,2026-06-11T08:26:09.974+0100,1250,2598.740
08:26:20.160,1781162780.160,2026-06-11T08:26:20.160+0100,1230,2608.926
08:26:25.253,1781162785.253,2026-06-11T08:26:25.253+0100,1260,2614.019
08:26:30.346,1781162790.346,2026-06-11T08:26:30.346+0100,1270,2619.112
08:26:35.439,1781162795.439,2026-06-11T08:26:35.439+0100,1300,2624.205
08:26:40.532,1781162800.532,2026-06-11T08:26:40.532+0100,1320,2629.298
08:26:45.625,1781162805.625,2026-06-11T08:26:45.625+0100,1310,2634.391
08:26:50.718,1781162810.718,2026-06-11T08:26:50.718+0100,1310,2639.484
08:26:55.811,1781162815.811,2026-06-11T08:26:55.811+0100,1280,2644.577
08:27:00.904,1781162820.904,2026-06-11T08:27:00.904+0100,1280,2649.670
08:27:05.997,1781162825.997,2026-06-11T08:27:05.997+0100,1320,2654.763
08:27:11.090,1781162831.090,2026-06-11T08:27:11.090+0100,1290,2659.856
08:27:16.183,1781162836.183,2026-06-11T08:27:16.183+0100,1290,2664.949
08:27:21.276,1781162841.276,2026-06-11T08:27:21.276+0100,1310,2670.042
08:27:31.462,1781162851.462,2026-06-11T08:27:31.462+0100,1300,2680.228
08:27:36.555,1781162856.555,2026-06-11T08:27:36.555+0100,1300,2685.321
08:27:41.648,1781162861.648,2026-06-11T08:27:41.648+0100,1300,2690.414
08:27:46.741,1781162866.741,2026-06-11T08:27:46.741+0100,1470,2695.507
08:27:51.834,1781162871.834,2026-06-11T08:27:51.834+0100,1560,2700.600
08:27:56.927,1781162876.927,2026-06-11T08:27:56.927+0100,1530,2705.693
08:28:02.020,1781162882.020,2026-06-11T08:28:02.020+0100,1560,2710.786
08:28:07.113,1781162887.113,2026-06-11T08:28:07.113+0100,1540,2715.879
08:28:12.206,1781162892.206,2026-06-11T08:28:12.206+0100,1540,2720.972
08:28:17.299,1781162897.299,2026-06-11T08:28:17.299+0100,1540,2726.065
08:28:22.392,1781162902.392,2026-06-11T08:28:22.392+0100,1550,2731.158
08:28:27.485,1781162907.485,2026-06-11T08:28:27.485+0100,1540,2736.251
08:28:32.578,1781162912.578,2026-06-11T08:28:32.578+0100,1520,2741.344
08:28:37.671,1781162917.671,2026-06-11T08:28:37.671+0100,1540,2746.437
08:28:42.764,1781162922.764,2026-06-11T08:28:42.764+0100,1530,2751.530
08:28:47.857,1781162927.857,2026-06-11T08:28:47.857+0100,1500,2756.623
08:28:52.950,1781162932.950,2026-06-11T08:28:52.950+0100,1520,2761.716
08:28:58.043,1781162938.043,2026-06-11T08:28:58.043+0100,1520,2766.809
08:29:03.136,1781162943.136,2026-06-11T08:29:03.136+0100,1530,2771.902
08:29:08.229,1781162948.229,2026-06-11T08:29:08.229+0100,1530,2776.995
08:29:18.415,1781162958.415,2026-06-11T08:29:18.415+0100,1510,2787.181
08:29:23.508,1781162963.508,2026-06-11T08:29:23.508+0100,1500,2792.274
08:29:28.601,1781162968.601,2026-06-11T08:29:28.601+0100,1490,2797.367
08:29:33.694,1781162973.694,2026-06-11T08:29:33.694+0100,1520,2802.459
08:29:38.787,1781162978.787,2026-06-11T08:29:38.787+0100,1520,2807.552
08:29:43.880,1781162983.880,2026-06-11T08:29:43.880+0100,1510,2812.645
08:29:48.973,1781162988.973,2026-06-11T08:29:48.973+0100,1520,2817.738
08:29:54.066,1781162994.066,2026-06-11T08:29:54.066+0100,1470,2822.831
08:29:59.159,1781162999.159,2026-06-11T08:29:59.159+0100,1490,2827.924
08:30:04.252,1781163004.252,2026-06-11T08:30:04.252+0100,1520,2833.017
08:30:09.345,1781163009.345,2026-06-11T08:30:09.345+0100,1520,2838.110
08:30:14.437,1781163014.437,2026-06-11T08:30:14.437+0100,1540,2843.203
08:30:19.530,1781163019.530,2026-06-11T08:30:19.530+0100,1490,2848.296
08:30:24.623,1781163024.623,2026-06-11T08:30:24.623+0100,1520,2853.389
08:30:29.716,1781163029.716,2026-06-11T08:30:29.716+0100,1510,2858.482
08:30:34.809,1781163034.809,2026-06-11T08:30:34.809+0100,1510,2863.575
08:30:44.995,1781163044.995,2026-06-11T08:30:44.995+0100,1530,2873.761
08:30:50.088,1781163050.088,2026-06-11T08:30:50.088+0100,1090,2878.854
08:30:55.181,1781163055.181,2026-06-11T08:30:55.181+0100,1070,2883.947
08:31:00.274,1781163060.274,2026-06-11T08:31:00.274+0100,890,2889.040
08:31:05.367,1781163065.367,2026-06-11T08:31:05.367+0100,870,2894.133
08:31:10.460,1781163070.460,2026-06-11T08:31:10.460+0100,910,2899.226
08:31:20.646,1781163080.646,2026-06-11T08:31:20.646+0100,940,2909.412
08:31:25.739,1781163085.739,2026-06-11T08:31:25.739+0100,960,2914.505
08:31:30.832,1781163090.832,2026-06-11T08:31:30.832+0100,980,2919.598
08:31:35.925,1781163095.925,2026-06-11T08:31:35.925+0100,1010,2924.691
08:31:41.018,1781163101.018,2026-06-11T08:31:41.018+0100,1030,2929.784
08:31:46.111,1781163106.111,2026-06-11T08:31:46.111+0100,1030,2934.877
08:31:51.204,1781163111.204,2026-06-11T08:31:51.204+0100,970,2939.970
08:31:56.297,1781163116.297,2026-06-11T08:31:56.297+0100,960,2945.063
08:32:01.390,1781163121.390,2026-06-11T08:32:01.390+0100,970,2950.156
08:32:06.483,1781163126.483,2026-06-11T08:32:06.483+0100,1220,2955.249
08:32:11.576,1781163131.576,2026-06-11T08:32:11.576+0100,1260,2960.342
08:32:16.669,1781163136.669,2026-06-11T08:32:16.669+0100,1040,2965.435
08:32:26.855,1781163146.855,2026-06-11T08:32:26.855+0100,1050,2975.621
08:32:31.948,1781163151.948,2026-06-11T08:32:31.948+0100,1150,2980.714
08:32:37.041,1781163157.041,2026-06-11T08:32:37.041+0100,1180,2985.807
08:32:42.134,1781163162.134,2026-06-11T08:32:42.134+0100,1080,2990.900
08:32:47.227,1781163167.227,2026-06-11T08:32:47.227+0100,1090,2995.993
08:32:52.320,1781163172.320,2026-06-11T08:32:52.320+0100,1100,3001.086
08:32:57.413,1781163177.413,2026-06-11T08:32:57.413+0100,1210,3006.179
08:33:02.506,1781163182.506,2026-06-11T08:33:02.506+0100,1140,3011.272
08:33:12.692,1781163192.692,2026-06-11T08:33:12.692+0100,1120,3021.458
08:33:17.785,1781163197.785,2026-06-11T08:33:17.785+0100,1300,3026.551
08:33:22.878,1781163202.878,2026-06-11T08:33:22.878+0100,1640,3031.644
08:33:27.971,1781163207.971,2026-06-11T08:33:27.971+0100,1630,3036.737
08:33:33.064,1781163213.064,2026-06-11T08:33:33.064+0100,1630,3041.830
08:33:38.157,1781163218.157,2026-06-11T08:33:38.157+0100,1680,3046.923
08:33:43.250,1781163223.250,2026-06-11T08:33:43.250+0100,1680,3052.016
08:33:48.343,1781163228.343,2026-06-11T08:33:48.343+0100,1700,3057.109
08:33:53.436,1781163233.436,2026-06-11T08:33:53.436+0100,1710,3062.202
08:33:58.529,1781163238.529,2026-06-11T08:33:58.529+0100,1640,3067.295
08:34:03.622,1781163243.622,2026-06-11T08:34:03.622+0100,1620,3072.388
08:34:08.715,1781163248.715,2026-06-11T08:34:08.715+0100,1600,3077.481
08:34:13.808,1781163253.808,2026-06-11T08:34:13.808+0100,1590,3082.574
08:34:18.901,1781163258.901,2026-06-11T08:34:18.901+0100,1530,3087.667
08:34:23.994,1781163263.994,2026-06-11T08:34:23.994+0100,1520,3092.760
08:34:29.087,1781163269.087,2026-06-11T08:34:29.087+0100,1480,3097.853
08:34:34.180,1781163274.180,2026-06-11T08:34:34.180+0100,1500,3102.946
08:34:39.273,1781163279.273,2026-06-11T08:34:39.273+0100,1510,3108.039
08:34:44.366,1781163284.366,2026-06-11T08:34:44.366+0100,1520,3113.132
08:34:49.459,1781163289.459,2026-06-11T08:34:49.459+0100,1480,3118.225
08:34:54.552,1781163294.552,2026-06-11T08:34:54.552+0100,1470,3123.318
08:34:59.645,1781163299.645,2026-06-11T08:34:59.645+0100,1470,3128.411
08:35:04.738,1781163304.738,2026-06-11T08:35:04.738+0100,1510,3133.504
08:35:09.831,1781163309.831,2026-06-11T08:35:09.831+0100,1500,3138.597
08:35:14.924,1781163314.924,2026-06-11T08:35:14.924+0100,1500,3143.690
08:35:20.017,1781163320.017,2026-06-11T08:35:20.017+0100,1450,3148.783
08:35:25.110,1781163325.110,2026-06-11T08:35:25.110+0100,1480,3153.876
08:35:30.203,1781163330.203,2026-06-11T08:35:30.203+0100,1480,3158.969
08:35:35.296,1781163335.296,2026-06-11T08:35:35.296+0100,1460,3164.062
08:35:40.389,1781163340.389,2026-06-11T08:35:40.389+0100,1460,3169.155
08:35:45.482,1781163345.482,2026-06-11T08:35:45.482+0100,1470,3174.248
08:35:50.575,1781163350.575,2026-06-11T08:35:50.575+0100,1470,3179.341
08:35:55.668,1781163355.668,2026-06-11T08:35:55.668+0100,1480,3184.434
08:36:00.761,1781163360.761,2026-06-11T08:36:00.761+0100,1500,3189.527
08:36:05.854,1781163365.854,2026-06-11T08:36:05.854+0100,1470,3194.620
08:36:10.947,1781163370.947,2026-06-11T08:36:10.947+0100,1470,3199.713
08:36:21.133,1781163381.133,2026-06-11T08:36:21.133+0100,1470,3209.899
08:36:26.226,1781163386.226,2026-06-11T08:36:26.226+0100,1290,3214.992
08:36:31.319,1781163391.319,2026-06-11T08:36:31.319+0100,1260,3220.085
08:36:36.412,1781163396.412,2026-06-11T08:36:36.412+0100,1260,3225.178
08:36:41.505,1781163401.505,2026-06-11T08:36:41.505+0100,1270,3230.271
08:36:46.598,1781163406.598,2026-06-11T08:36:46.598+0100,1270,3235.364
08:36:51.691,1781163411.691,2026-06-11T08:36:51.691+0100,1280,3240.457
08:36:56.784,1781163416.784,2026-06-11T08:36:56.784+0100,1270,3245.550
08:37:01.877,1781163421.877,2026-06-11T08:37:01.877+0100,1330,3250.643
08:37:06.970,1781163426.970,2026-06-11T08:37:06.970+0100,1320,3255.736
08:37:12.063,1781163432.063,2026-06-11T08:37:12.063+0100,1300,3260.829
08:37:17.156,1781163437.156,2026-06-11T08:37:17.156+0100,1310,3265.922
08:37:22.249,1781163442.249,2026-06-11T08:37:22.249+0100,1290,3271.015
08:37:32.435,1781163452.435,2026-06-11T08:37:32.435+0100,1290,3281.201
08:37:37.528,1781163457.528,2026-06-11T08:37:37.528+0100,1290,3286.294
08:37:42.621,1781163462.621,2026-06-11T08:37:42.621+0100,1270,3291.387
08:37:47.714,1781163467.714,2026-06-11T08:37:47.714+0100,1300,3296.480
08:37:52.807,1781163472.807,2026-06-11T08:37:52.807+0100,1300,3301.573
08:37:57.900,1781163477.900,2026-06-11T08:37:57.900+0100,1270,3306.666
08:38:02.993,1781163482.993,2026-06-11T08:38:02.993+0100,1290,3311.759
08:38:08.086,1781163488.086,2026-06-11T08:38:08.086+0100,1290,3316.852
08:38:18.272,1781163498.272,2026-06-11T08:38:18.272+0100,1310,3327.038
08:38:23.365,1781163503.365,2026-06-11T08:38:23.365+0100,1340,3332.131
08:38:28.458,1781163508.458,2026-06-11T08:38:28.458+0100,1300,3337.224
08:38:33.551,1781163513.551,2026-06-11T08:38:33.551+0100,1300,3342.317
08:38:38.644,1781163518.644,2026-06-11T08:38:38.644+0100,1300,3347.410
08:38:43.737,1781163523.737,2026-06-11T08:38:43.737+0100,1390,3352.503
08:38:48.830,1781163528.830,2026-06-11T08:38:48.830+0100,1570,3357.596
08:38:53.923,1781163533.923,2026-06-11T08:38:53.923+0100,1540,3362.689
08:38:59.016,1781163539.016,2026-06-11T08:38:59.016+0100,1570,3367.782
08:39:04.109,1781163544.109,2026-06-11T08:39:04.109+0100,1550,3372.875
08:39:09.202,1781163549.202,2026-06-11T08:39:09.202+0100,1530,3377.968
08:39:14.295,1781163554.295,2026-06-11T08:39:14.295+0100,1500,3383.061
08:39:19.388,1781163559.388,2026-06-11T08:39:19.388+0100,1510,3388.154
08:39:24.481,1781163564.481,2026-06-11T08:39:24.481+0100,1500,3393.247
08:39:29.574,1781163569.574,2026-06-11T08:39:29.574+0100,1480,3398.340
08:39:34.667,1781163574.667,2026-06-11T08:39:34.667+0100,1460,3403.433
08:39:39.760,1781163579.760,2026-06-11T08:39:39.760+0100,1460,3408.526
08:39:44.853,1781163584.853,2026-06-11T08:39:44.853+0100,1480,3413.619
08:39:49.946,1781163589.946,2026-06-11T08:39:49.946+0100,1480,3418.712
08:39:55.039,1781163595.039,2026-06-11T08:39:55.039+0100,1500,3423.805
08:40:00.132,1781163600.132,2026-06-11T08:40:00.132+0100,1480,3428.898
08:40:05.225,1781163605.225,2026-06-11T08:40:05.225+0100,1480,3433.991
08:40:10.318,1781163610.318,2026-06-11T08:40:10.318+0100,1490,3439.084
08:40:15.411,1781163615.411,2026-06-11T08:40:15.411+0100,1490,3444.177
08:40:20.504,1781163620.504,2026-06-11T08:40:20.504+0100,1470,3449.270
08:40:25.597,1781163625.597,2026-06-11T08:40:25.597+0100,1480,3454.363
08:40:30.690,1781163630.690,2026-06-11T08:40:30.690+0100,1460,3459.456
08:40:35.783,1781163635.783,2026-06-11T08:40:35.783+0100,1440,3464.549
08:40:40.876,1781163640.876,2026-06-11T08:40:40.876+0100,1450,3469.642
08:40:45.969,1781163645.969,2026-06-11T08:40:45.969+0100,1460,3474.735
08:40:51.062,1781163651.062,2026-06-11T08:40:51.062+0100,1470,3479.828
08:40:56.155,1781163656.155,2026-06-11T08:40:56.155+0100,1460,3484.921
08:41:01.248,1781163661.248,2026-06-11T08:41:01.248+0100,1470,3490.014
08:41:06.341,1781163666.341,2026-06-11T08:41:06.341+0100,1450,3495.107
08:41:11.434,1781163671.434,2026-06-11T08:41:11.434+0100,1490,3500.200
08:41:16.527,1781163676.527,2026-06-11T08:41:16.527+0100,1460,3505.293
08:41:21.620,1781163681.620,2026-06-11T08:41:21.620+0100,1460,3510.386
08:41:31.806,1781163691.806,2026-06-11T08:41:31.806+0100,1490,3520.572
08:41:36.899,1781163696.899,2026-06-11T08:41:36.899+0100,1470,3525.665
08:41:41.992,1781163701.992,2026-06-11T08:41:41.992+0100,1470,3530.758
08:41:47.085,1781163707.085,2026-06-11T08:41:47.085+0100,1470,3535.851
08:41:52.178,1781163712.178,2026-06-11T08:41:52.178+0100,1340,3540.944
08:41:57.271,1781163717.271,2026-06-11T08:41:57.271+0100,1250,3546.037
08:42:02.364,1781163722.364,2026-06-11T08:42:02.364+0100,1230,3551.130
08:42:07.457,1781163727.457,2026-06-11T08:42:07.457+0100,1230,3556.223
08:42:12.550,1781163732.550,2026-06-11T08:42:12.550+0100,1240,3561.316
08:42:17.643,1781163737.643,2026-06-11T08:42:17.643+0100,1250,3566.409
08:42:22.736,1781163742.736,2026-06-11T08:42:22.736+0100,1270,3571.502
08:42:27.829,1781163747.829,2026-06-11T08:42:27.829+0100,1300,3576.595
08:42:32.922,1781163752.922,2026-06-11T08:42:32.922+0100,1280,3581.688
08:42:38.015,1781163758.015,2026-06-11T08:42:38.015+0100,1280,3586.781
08:42:43.108,1781163763.108,2026-06-11T08:42:43.108+0100,1270,3591.874
08:42:48.201,1781163768.201,2026-06-11T08:42:48.201+0100,1260,3596.967
08:42:58.387,1781163778.387,2026-06-11T08:42:58.387+0100,1230,3607.153
08:43:03.480,1781163783.480,2026-06-11T08:43:03.480+0100,1210,3612.246
08:43:08.573,1781163788.573,2026-06-11T08:43:08.573+0100,1260,3617.339
08:43:13.666,1781163793.666,2026-06-11T08:43:13.666+0100,1230,3622.432
08:43:18.759,1781163798.759,2026-06-11T08:43:18.759+0100,1260,3627.525
08:43:23.852,1781163803.852,2026-06-11T08:43:23.852+0100,1260,3632.618
08:43:28.945,1781163808.945,2026-06-11T08:43:28.945+0100,1230,3637.711
08:43:34.038,1781163814.038,2026-06-11T08:43:34.038+0100,1250,3642.804
08:43:39.131,1781163819.131,2026-06-11T08:43:39.131+0100,1250,3647.897
08:43:49.317,1781163829.317,2026-06-11T08:43:49.317+0100,1140,3658.083
08:43:54.410,1781163834.410,2026-06-11T08:43:54.410+0100,1230,3663.176
08:43:59.503,1781163839.503,2026-06-11T08:43:59.503+0100,1230,3668.269
08:44:04.596,1781163844.596,2026-06-11T08:44:04.596+0100,1230,3673.362
08:44:09.689,1781163849.689,2026-06-11T08:44:09.689+0100,1290,3678.455
08:44:14.782,1781163854.782,2026-06-11T08:44:14.782+0100,1370,3683.548
08:44:19.875,1781163859.875,2026-06-11T08:44:19.875+0100,1620,3688.641
08:44:24.968,1781163864.968,2026-06-11T08:44:24.968+0100,1510,3693.734
08:44:30.061,1781163870.061,2026-06-11T08:44:30.061+0100,1440,3698.827
08:44:35.154,1781163875.154,2026-06-11T08:44:35.154+0100,1490,3703.920
08:44:40.247,1781163880.247,2026-06-11T08:44:40.247+0100,1490,3709.013
08:44:45.340,1781163885.340,2026-06-11T08:44:45.340+0100,1480,3714.106
08:44:50.433,1781163890.433,2026-06-11T08:44:50.433+0100,1470,3719.199
08:44:55.526,1781163895.526,2026-06-11T08:44:55.526+0100,1490,3724.292
08:45:00.619,1781163900.619,2026-06-11T08:45:00.619+0100,1480,3729.385
08:45:05.712,1781163905.712,2026-06-11T08:45:05.712+0100,1470,3734.478
08:45:10.805,1781163910.805,2026-06-11T08:45:10.805+0100,1460,3739.571
08:45:15.898,1781163915.898,2026-06-11T08:45:15.898+0100,1470,3744.664
08:45:20.991,1781163920.991,2026-06-11T08:45:20.991+0100,1480,3749.757
08:45:26.084,1781163926.084,2026-06-11T08:45:26.084+0100,1470,3754.850
08:45:31.177,1781163931.177,2026-06-11T08:45:31.177+0100,1460,3759.943
08:45:36.270,1781163936.270,2026-06-11T08:45:36.270+0100,1450,3765.036
08:45:41.363,1781163941.363,2026-06-11T08:45:41.363+0100,1460,3770.129
08:45:46.456,1781163946.456,2026-06-11T08:45:46.456+0100,1460,3775.222
08:45:51.549,1781163951.549,2026-06-11T08:45:51.549+0100,1460,3780.315
08:45:56.642,1781163956.642,2026-06-11T08:45:56.642+0100,1430,3785.408
08:46:01.735,1781163961.735,2026-06-11T08:46:01.735+0100,1450,3790.501
08:46:06.828,1781163966.828,2026-06-11T08:46:06.828+0100,1450,3795.594
08:46:11.921,1781163971.921,2026-06-11T08:46:11.921+0100,1450,3800.687
08:46:17.014,1781163977.014,2026-06-11T08:46:17.014+0100,1450,3805.780
08:46:22.107,1781163982.107,2026-06-11T08:46:22.107+0100,1450,3810.873
08:46:32.293,1781163992.293,2026-06-11T08:46:32.293+0100,1480,3821.059
08:46:37.386,1781163997.386,2026-06-11T08:46:37.386+0100,1510,3826.152
08:46:42.479,1781164002.479,2026-06-11T08:46:42.479+0100,1520,3831.245
08:46:47.572,1781164007.572,2026-06-11T08:46:47.572+0100,1500,3836.338
08:46:52.665,1781164012.665,2026-06-11T08:46:52.665+0100,1490,3841.431
08:46:57.758,1781164017.758,2026-06-11T08:46:57.758+0100,1480,3846.524
08:47:02.851,1781164022.851,2026-06-11T08:47:02.851+0100,1440,3851.617
08:47:07.944,1781164027.944,2026-06-11T08:47:07.944+0100,1480,3856.710
08:47:13.037,1781164033.037,2026-06-11T08:47:13.037+0100,1480,3861.803
08:47:18.130,1781164038.130,2026-06-11T08:47:18.130+0100,1480,3866.896
08:47:23.223,1781164043.223,2026-06-11T08:47:23.223+0100,1340,3871.989
08:47:28.316,1781164048.316,2026-06-11T08:47:28.316+0100,1180,3877.082
08:47:33.409,1781164053.409,2026-06-11T08:47:33.409+0100,1440,3882.175
08:47:43.595,1781164063.595,2026-06-11T08:47:43.595+0100,1420,3892.361
08:47:48.688,1781164068.688,2026-06-11T08:47:48.688+0100,1140,3897.454
08:47:53.781,1781164073.781,2026-06-11T08:47:53.781+0100,1120,3902.547
08:47:58.874,1781164078.874,2026-06-11T08:47:58.874+0100,1140,3907.640
08:48:03.967,1781164083.967,2026-06-11T08:48:03.967+0100,1290,3912.733
08:48:09.061,1781164089.061,2026-06-11T08:48:09.061+0100,1300,3917.826
08:48:14.154,1781164094.154,2026-06-11T08:48:14.154+0100,1340,3922.919
08:48:19.247,1781164099.247,2026-06-11T08:48:19.247+0100,1310,3928.012
08:48:24.340,1781164104.340,2026-06-11T08:48:24.340+0100,1320,3933.105
08:48:29.433,1781164109.433,2026-06-11T08:48:29.433+0100,1330,3938.198
08:48:34.526,1781164114.526,2026-06-11T08:48:34.526+0100,1310,3943.291
08:48:39.619,1781164119.619,2026-06-11T08:48:39.619+0100,1310,3948.384
08:48:44.712,1781164124.712,2026-06-11T08:48:44.712+0100,1310,3953.477
08:48:49.805,1781164129.805,2026-06-11T08:48:49.805+0100,1310,3958.570
08:48:54.898,1781164134.898,2026-06-11T08:48:54.898+0100,1300,3963.663
08:48:59.991,1781164139.991,2026-06-11T08:48:59.991+0100,1290,3968.756
08:49:05.084,1781164145.084,2026-06-11T08:49:05.084+0100,1290,3973.850
08:49:10.177,1781164150.177,2026-06-11T08:49:10.177+0100,1300,3978.943
08:49:15.270,1781164155.270,2026-06-11T08:49:15.270+0100,1280,3984.036
08:49:20.363,1781164160.363,2026-06-11T08:49:20.363+0100,1280,3989.129
08:49:25.456,1781164165.456,2026-06-11T08:49:25.456+0100,1290,3994.222
08:49:30.549,1781164170.549,2026-06-11T08:49:30.549+0100,1290,3999.315
08:49:35.642,1781164175.642,2026-06-11T08:49:35.642+0100,1290,4004.408
08:49:40.735,1781164180.735,2026-06-11T08:49:40.735+0100,1280,4009.501
08:49:45.828,1781164185.828,2026-06-11T08:49:45.828+0100,1280,4014.594
08:49:50.921,1781164190.921,2026-06-11T08:49:50.921+0100,1300,4019.687
08:49:56.014,1781164196.014,2026-06-11T08:49:56.014+0100,1290,4024.780
08:50:01.107,1781164201.107,2026-06-11T08:50:01.107+0100,1290,4029.873
08:50:06.200,1781164206.200,2026-06-11T08:50:06.200+0100,1270,4034.966
08:50:11.293,1781164211.293,2026-06-11T08:50:11.293+0100,1200,4040.059
08:50:16.386,1781164216.386,2026-06-11T08:50:16.386+0100,1220,4045.152
08:50:21.479,1781164221.479,2026-06-11T08:50:21.479+0100,1210,4050.245
08:50:26.572,1781164226.572,2026-06-11T08:50:26.572+0100,1240,4055.338
08:50:31.665,1781164231.665,2026-06-11T08:50:31.665+0100,1280,4060.431
08:50:36.758,1781164236.758,2026-06-11T08:50:36.758+0100,1290,4065.524
08:50:41.851,1781164241.851,2026-06-11T08:50:41.851+0100,1310,4070.617
08:50:46.944,1781164246.944,2026-06-11T08:50:46.944+0100,1290,4075.710
08:50:52.038,1781164252.038,2026-06-11T08:50:52.038+0100,1300,4080.803
08:50:57.131,1781164257.131,2026-06-11T08:50:57.131+0100,1290,4085.896
08:51:02.224,1781164262.224,2026-06-11T08:51:02.224+0100,1290,4090.989
08:51:07.317,1781164267.317,2026-06-11T08:51:07.317+0100,1310,4096.082
08:51:12.410,1781164272.410,2026-06-11T08:51:12.410+0100,1320,4101.175
08:51:17.503,1781164277.503,2026-06-11T08:51:17.503+0100,1340,4106.268
08:51:22.596,1781164282.596,2026-06-11T08:51:22.596+0100,1320,4111.361
08:51:27.689,1781164287.689,2026-06-11T08:51:27.689+0100,1330,4116.454
08:51:32.782,1781164292.782,2026-06-11T08:51:32.782+0100,1330,4121.547
08:51:37.875,1781164297.875,2026-06-11T08:51:37.875+0100,1330,4126.641
08:51:42.968,1781164302.968,2026-06-11T08:51:42.968+0100,1320,4131.734
08:51:48.061,1781164308.061,2026-06-11T08:51:48.061+0100,1320,4136.827
08:51:53.154,1781164313.154,2026-06-11T08:51:53.154+0100,1310,4141.920
08:51:58.247,1781164318.247,2026-06-11T08:51:58.247+0100,1290,4147.013
08:52:03.340,1781164323.340,2026-06-11T08:52:03.340+0100,1330,4152.106
08:52:08.433,1781164328.433,2026-06-11T08:52:08.433+0100,1320,4157.199
08:52:13.526,1781164333.526,2026-06-11T08:52:13.526+0100,1310,4162.292
08:52:18.619,1781164338.619,2026-06-11T08:52:18.619+0100,1300,4167.385
08:52:23.712,1781164343.712,2026-06-11T08:52:23.712+0100,1300,4172.478
08:52:28.805,1781164348.805,2026-06-11T08:52:28.805+0100,1270,4177.571
08:52:33.898,1781164353.898,2026-06-11T08:52:33.898+0100,1290,4182.664
08:52:38.991,1781164358.991,2026-06-11T08:52:38.991+0100,1300,4187.757
08:52:44.084,1781164364.084,2026-06-11T08:52:44.084+0100,1300,4192.850
08:52:49.177,1781164369.177,2026-06-11T08:52:49.177+0100,1300,4197.943
08:52:54.270,1781164374.270,2026-06-11T08:52:54.270+0100,1310,4203.036
08:52:59.363,1781164379.363,2026-06-11T08:52:59.363+0100,1330,4208.129
08:53:04.456,1781164384.456,2026-06-11T08:53:04.456+0100,1320,4213.222
08:53:09.549,1781164389.549,2026-06-11T08:53:09.549+0100,1270,4218.315
08:53:14.642,1781164394.642,2026-06-11T08:53:14.642+0100,1290,4223.408
08:53:19.735,1781164399.735,2026-06-11T08:53:19.735+0100,1300,4228.501
08:53:24.829,1781164404.829,2026-06-11T08:53:24.829+0100,1300,4233.594
08:53:29.922,1781164409.922,2026-06-11T08:53:29.922+0100,1300,4238.687
08:53:35.015,1781164415.015,2026-06-11T08:53:35.015+0100,1300,4243.780
08:53:40.108,1781164420.108,2026-06-11T08:53:40.108+0100,1260,4248.873
08:53:45.201,1781164425.201,2026-06-11T08:53:45.201+0100,1260,4253.966
08:53:50.294,1781164430.294,2026-06-11T08:53:50.294+0100,1280,4259.059
08:53:55.387,1781164435.387,2026-06-11T08:53:55.387+0100,1290,4264.152
08:54:00.480,1781164440.480,2026-06-11T08:54:00.480+0100,1270,4269.245
08:54:05.573,1781164445.573,2026-06-11T08:54:05.573+0100,1290,4274.338
08:54:10.666,1781164450.666,2026-06-11T08:54:10.666+0100,1290,4279.431
08:54:15.759,1781164455.759,2026-06-11T08:54:15.759+0100,1270,4284.524
08:54:20.852,1781164460.852,2026-06-11T08:54:20.852+0100,1250,4289.617
08:54:25.945,1781164465.945,2026-06-11T08:54:25.945+0100,1270,4294.710
08:54:31.038,1781164471.038,2026-06-11T08:54:31.038+0100,1260,4299.804
08:54:36.131,1781164476.131,2026-06-11T08:54:36.131+0100,1270,4304.897
08:54:41.224,1781164481.224,2026-06-11T08:54:41.224+0100,1290,4309.990
08:54:46.317,1781164486.317,2026-06-11T08:54:46.317+0100,1310,4315.083
08:54:51.410,1781164491.410,2026-06-11T08:54:51.410+0100,1320,4320.176
08:54:56.503,1781164496.503,2026-06-11T08:54:56.503+0100,1290,4325.269
08:55:01.596,1781164501.596,2026-06-11T08:55:01.596+0100,1280,4330.362
08:55:06.689,1781164506.689,2026-06-11T08:55:06.689+0100,1280,4335.455
08:55:11.782,1781164511.782,2026-06-11T08:55:11.782+0100,1290,4340.548
08:55:16.875,1781164516.875,2026-06-11T08:55:16.875+0100,1270,4345.641
08:55:21.968,1781164521.968,2026-06-11T08:55:21.968+0100,1280,4350.734
08:55:27.061,1781164527.061,2026-06-11T08:55:27.061+0100,1310,4355.827
08:55:32.154,1781164532.154,2026-06-11T08:55:32.154+0100,1280,4360.920
08:55:37.247,1781164537.247,2026-06-11T08:55:37.247+0100,1280,4366.013
08:55:42.340,1781164542.340,2026-06-11T08:55:42.340+0100,1280,4371.106
08:55:54.627,1781164554.627,2026-06-11T08:55:54.627+0100,,4383.393
