Date,Timestamp,ISO8601,Cadence (spm),Since start (second)
07:42:51.234,1781160171.234,2026-06-11T07:42:51.234+0100,,0.000
07:42:51.234,1781160171.234,2026-06-11T07:42:51.234+0100,130.095,0.000
07:42:58.234,1781160178.234,2026-06-11T07:42:58.234+0100,164.378,7.000
07:43:05.234,1781160185.234,2026-06-11T07:43:05.234+0100,156.823,14.000
07:43:12.234,1781160192.234,2026-06-11T07:43:12.234+0100,156.316,21.000
07:43:19.234,1781160199.234,2026-06-11T07:43:19.234+0100,156.317,28.000
07:43:26.234,1781160206.234,2026-06-11T07:43:26.234+0100,164.889,35.000
07:43:33.234,1781160213.234,2026-06-11T07:43:33.234+0100,158.034,42.000
07:43:40.234,1781160220.234,2026-06-11T07:43:40.234+0100,163.175,49.000
07:43:47.234,1781160227.234,2026-06-11T07:43:47.234+0100,164.891,56.000
07:43:54.234,1781160234.234,2026-06-11T07:43:54.234+0100,156.320,63.000
07:44:01.234,1781160241.234,2026-06-11T07:44:01.234+0100,164.892,70.000
07:44:08.234,1781160248.234,2026-06-11T07:44:08.234+0100,160.257,77.000
07:44:15.234,1781160255.234,2026-06-11T07:44:15.234+0100,160.958,84.000
07:44:22.234,1781160262.234,2026-06-11T07:44:22.234+0100,164.894,91.000
07:44:29.234,1781160269.234,2026-06-11T07:44:29.234+0100,158.161,98.000
07:44:36.234,1781160276.234,2026-06-11T07:44:36.234+0100,163.057,105.000
07:44:43.234,1781160283.234,2026-06-11T07:44:43.234+0100,164.896,112.000
07:44:50.234,1781160290.234,2026-06-11T07:44:50.234+0100,164.636,119.000
07:44:57.234,1781160297.234,2026-06-11T07:44:57.234+0100,156.585,126.000
07:45:04.234,1781160304.234,2026-06-11T07:45:04.234+0100,164.897,133.000
07:45:11.234,1781160311.234,2026-06-11T07:45:11.234+0100,164.898,140.000
07:45:18.234,1781160318.234,2026-06-11T07:45:18.234+0100,156.327,147.000
07:45:25.234,1781160325.234,2026-06-11T07:45:25.234+0100,164.899,154.000
07:45:32.234,1781160332.234,2026-06-11T07:45:32.234+0100,160.441,161.000
07:45:39.234,1781160339.234,2026-06-11T07:45:39.234+0100,158.485,168.000
07:45:46.234,1781160346.234,2026-06-11T07:45:46.234+0100,158.630,175.000
07:45:53.234,1781160353.234,2026-06-11T07:45:53.234+0100,158.342,182.000
07:46:00.234,1781160360.234,2026-06-11T07:46:00.234+0100,162.888,189.000
07:46:07.234,1781160367.234,2026-06-11T07:46:07.234+0100,164.901,196.000
07:46:14.234,1781160374.234,2026-06-11T07:46:14.234+0100,164.814,203.000
07:46:21.234,1781160381.234,2026-06-11T07:46:21.234+0100,156.418,210.000
07:46:28.234,1781160388.234,2026-06-11T07:46:28.234+0100,164.902,217.000
07:46:35.234,1781160395.234,2026-06-11T07:46:35.234+0100,156.331,224.000
07:46:42.234,1781160402.234,2026-06-11T07:46:42.234+0100,164.680,231.000
07:46:49.234,1781160409.234,2026-06-11T07:46:49.234+0100,165.127,238.000
07:46:56.234,1781160416.234,2026-06-11T07:46:56.234+0100,160.614,245.000
07:47:03.234,1781160423.234,2026-06-11T07:47:03.234+0100,160.623,252.000
07:47:10.234,1781160430.234,2026-06-11T07:47:10.234+0100,165.065,259.000
07:47:17.234,1781160437.234,2026-06-11T07:47:17.234+0100,156.172,266.000
07:47:24.234,1781160444.234,2026-06-11T07:47:24.234+0100,118.113,273.000
07:49:58.234,1781160598.234,2026-06-11T07:49:58.234+0100,183.410,427.000
07:50:05.234,1781160605.234,2026-06-11T07:50:05.234+0100,164.902,434.000
07:50:12.234,1781160612.234,2026-06-11T07:50:12.234+0100,164.903,441.000
07:50:19.234,1781160619.234,2026-06-11T07:50:19.234+0100,164.904,448.000
07:50:26.234,1781160626.234,2026-06-11T07:50:26.234+0100,164.904,455.000
07:50:33.234,1781160633.234,2026-06-11T07:50:33.234+0100,164.905,462.000
07:50:40.234,1781160640.234,2026-06-11T07:50:40.234+0100,164.905,469.000
07:50:47.234,1781160647.234,2026-06-11T07:50:47.234+0100,164.906,476.000
07:50:54.234,1781160654.234,2026-06-11T07:50:54.234+0100,164.906,483.000
07:51:01.234,1781160661.234,2026-06-11T07:51:01.234+0100,164.907,490.000
07:51:08.234,1781160668.234,2026-06-11T07:51:08.234+0100,164.907,497.000
07:51:15.234,1781160675.234,2026-06-11T07:51:15.234+0100,164.907,504.000
07:51:22.234,1781160682.234,2026-06-11T07:51:22.234+0100,164.908,511.000
07:51:29.234,1781160689.234,2026-06-11T07:51:29.234+0100,173.480,518.000
07:51:36.234,1781160696.234,2026-06-11T07:51:36.234+0100,164.908,525.000
07:51:43.234,1781160703.234,2026-06-11T07:51:43.234+0100,164.908,532.000
07:51:50.234,1781160710.234,2026-06-11T07:51:50.234+0100,164.908,539.000
07:51:57.234,1781160717.234,2026-06-11T07:51:57.234+0100,164.909,546.000
07:52:04.234,1781160724.234,2026-06-11T07:52:04.234+0100,164.909,553.000
07:52:11.234,1781160731.234,2026-06-11T07:52:11.234+0100,166.442,560.000
07:52:18.234,1781160738.234,2026-06-11T07:52:18.234+0100,171.947,567.000
07:52:25.234,1781160745.234,2026-06-11T07:52:25.234+0100,164.909,574.000
07:52:32.234,1781160752.234,2026-06-11T07:52:32.234+0100,164.910,581.000
07:52:39.234,1781160759.234,2026-06-11T07:52:39.234+0100,164.910,588.000
07:52:46.234,1781160766.234,2026-06-11T07:52:46.234+0100,164.910,595.000
07:52:53.234,1781160773.234,2026-06-11T07:52:53.234+0100,164.911,602.000
07:53:00.234,1781160780.234,2026-06-11T07:53:00.234+0100,164.911,609.000
07:53:07.234,1781160787.234,2026-06-11T07:53:07.234+0100,164.911,616.000
07:53:14.234,1781160794.234,2026-06-11T07:53:14.234+0100,164.911,623.000
07:53:21.234,1781160801.234,2026-06-11T07:53:21.234+0100,170.603,630.000
07:53:28.234,1781160808.234,2026-06-11T07:53:28.234+0100,167.792,637.000
07:53:35.234,1781160815.234,2026-06-11T07:53:35.234+0100,164.912,644.000
07:53:42.234,1781160822.234,2026-06-11T07:53:42.234+0100,164.912,651.000
07:53:49.234,1781160829.234,2026-06-11T07:53:49.234+0100,130.627,658.000
07:53:56.234,1781160836.234,2026-06-11T07:53:56.234+0100,164.913,665.000
07:54:03.234,1781160843.234,2026-06-11T07:54:03.234+0100,164.913,672.000
07:54:10.234,1781160850.234,2026-06-11T07:54:10.234+0100,164.913,679.000
07:54:17.234,1781160857.234,2026-06-11T07:54:17.234+0100,167.893,686.000
07:54:24.234,1781160864.234,2026-06-11T07:54:24.234+0100,170.504,693.000
07:54:31.234,1781160871.234,2026-06-11T07:54:31.234+0100,164.913,700.000
07:54:38.234,1781160878.234,2026-06-11T07:54:38.234+0100,164.913,707.000
07:54:45.234,1781160885.234,2026-06-11T07:54:45.234+0100,164.913,714.000
07:54:52.234,1781160892.234,2026-06-11T07:54:52.234+0100,164.913,721.000
07:54:59.234,1781160899.234,2026-06-11T07:54:59.234+0100,164.914,728.000
07:55:06.234,1781160906.234,2026-06-11T07:55:06.234+0100,164.914,735.000
07:55:13.234,1781160913.234,2026-06-11T07:55:13.234+0100,164.914,742.000
07:55:20.234,1781160920.234,2026-06-11T07:55:20.234+0100,164.914,749.000
07:55:27.234,1781160927.234,2026-06-11T07:55:27.234+0100,164.914,756.000
07:55:34.234,1781160934.234,2026-06-11T07:55:34.234+0100,164.914,763.000
07:55:41.234,1781160941.234,2026-06-11T07:55:41.234+0100,164.914,770.000
07:55:48.234,1781160948.234,2026-06-11T07:55:48.234+0100,164.914,777.000
07:55:55.234,1781160955.234,2026-06-11T07:55:55.234+0100,164.914,784.000
07:56:02.234,1781160962.234,2026-06-11T07:56:02.234+0100,164.914,791.000
07:56:09.234,1781160969.234,2026-06-11T07:56:09.234+0100,164.914,798.000
07:56:16.234,1781160976.234,2026-06-11T07:56:16.234+0100,151.960,805.000
07:56:23.234,1781160983.234,2026-06-11T07:56:23.234+0100,143.583,812.000
07:56:30.234,1781160990.234,2026-06-11T07:56:30.234+0100,164.915,819.000
07:56:37.234,1781160997.234,2026-06-11T07:56:37.234+0100,164.915,826.000
07:56:44.234,1781161004.234,2026-06-11T07:56:44.234+0100,164.916,833.000
07:56:51.234,1781161011.234,2026-06-11T07:56:51.234+0100,164.916,840.000
07:56:58.234,1781161018.234,2026-06-11T07:56:58.234+0100,164.916,847.000
07:57:05.234,1781161025.234,2026-06-11T07:57:05.234+0100,164.916,854.000
07:57:12.234,1781161032.234,2026-06-11T07:57:12.234+0100,164.917,861.000
07:57:19.234,1781161039.234,2026-06-11T07:57:19.234+0100,164.917,868.000
07:57:26.234,1781161046.234,2026-06-11T07:57:26.234+0100,164.917,875.000
07:57:33.234,1781161053.234,2026-06-11T07:57:33.234+0100,164.917,882.000
07:57:40.234,1781161060.234,2026-06-11T07:57:40.234+0100,164.918,889.000
07:57:47.234,1781161067.234,2026-06-11T07:57:47.234+0100,157.287,896.000
07:57:54.234,1781161074.234,2026-06-11T07:57:54.234+0100,163.978,903.000
07:58:01.234,1781161081.234,2026-06-11T07:58:01.234+0100,164.918,910.000
07:58:08.234,1781161088.234,2026-06-11T07:58:08.234+0100,164.918,917.000
07:58:15.234,1781161095.234,2026-06-11T07:58:15.234+0100,164.919,924.000
07:58:22.234,1781161102.234,2026-06-11T07:58:22.234+0100,164.919,931.000
07:58:29.234,1781161109.234,2026-06-11T07:58:29.234+0100,164.919,938.000
07:58:36.234,1781161116.234,2026-06-11T07:58:36.234+0100,164.919,945.000
07:58:43.234,1781161123.234,2026-06-11T07:58:43.234+0100,164.919,952.000
07:58:50.234,1781161130.234,2026-06-11T07:58:50.234+0100,164.920,959.000
07:58:57.234,1781161137.234,2026-06-11T07:58:57.234+0100,173.491,966.000
07:59:04.234,1781161144.234,2026-06-11T07:59:04.234+0100,164.920,973.000
07:59:11.234,1781161151.234,2026-06-11T07:59:11.234+0100,164.920,980.000
07:59:18.234,1781161158.234,2026-06-11T07:59:18.234+0100,164.921,987.000
07:59:25.234,1781161165.234,2026-06-11T07:59:25.234+0100,164.921,994.000
07:59:32.234,1781161172.234,2026-06-11T07:59:32.234+0100,147.778,1001.000
07:59:39.234,1781161179.234,2026-06-11T07:59:39.234+0100,147.778,1008.000
07:59:46.234,1781161186.234,2026-06-11T07:59:46.234+0100,173.493,1015.000
07:59:53.234,1781161193.234,2026-06-11T07:59:53.234+0100,161.370,1022.000
08:00:00.234,1781161200.234,2026-06-11T08:00:00.234+0100,168.473,1029.000
08:00:07.234,1781161207.234,2026-06-11T08:00:07.234+0100,164.922,1036.000
08:00:14.234,1781161214.234,2026-06-11T08:00:14.234+0100,164.922,1043.000
08:00:21.234,1781161221.234,2026-06-11T08:00:21.234+0100,164.922,1050.000
08:00:28.234,1781161228.234,2026-06-11T08:00:28.234+0100,164.922,1057.000
08:00:35.234,1781161235.234,2026-06-11T08:00:35.234+0100,164.922,1064.000
08:00:42.234,1781161242.234,2026-06-11T08:00:42.234+0100,164.922,1071.000
08:00:49.234,1781161249.234,2026-06-11T08:00:49.234+0100,164.922,1078.000
08:00:56.234,1781161256.234,2026-06-11T08:00:56.234+0100,173.494,1085.000
08:01:03.234,1781161263.234,2026-06-11T08:01:03.234+0100,164.923,1092.000
08:01:10.234,1781161270.234,2026-06-11T08:01:10.234+0100,164.923,1099.000
08:01:17.234,1781161277.234,2026-06-11T08:01:17.234+0100,164.923,1106.000
08:01:24.234,1781161284.234,2026-06-11T08:01:24.234+0100,164.923,1113.000
08:01:31.234,1781161291.234,2026-06-11T08:01:31.234+0100,164.923,1120.000
08:01:38.234,1781161298.234,2026-06-11T08:01:38.234+0100,164.923,1127.000
08:01:45.234,1781161305.234,2026-06-11T08:01:45.234+0100,164.923,1134.000
08:01:52.234,1781161312.234,2026-06-11T08:01:52.234+0100,164.923,1141.000
08:01:59.234,1781161319.234,2026-06-11T08:01:59.234+0100,164.923,1148.000
08:02:06.234,1781161326.234,2026-06-11T08:02:06.234+0100,164.923,1155.000
08:03:44.234,1781161424.234,2026-06-11T08:03:44.234+0100,156.347,1253.000
08:03:51.234,1781161431.234,2026-06-11T08:03:51.234+0100,164.919,1260.000
08:03:58.234,1781161438.234,2026-06-11T08:03:58.234+0100,164.919,1267.000
08:04:05.234,1781161445.234,2026-06-11T08:04:05.234+0100,164.919,1274.000
08:04:12.234,1781161452.234,2026-06-11T08:04:12.234+0100,164.919,1281.000
08:04:19.234,1781161459.234,2026-06-11T08:04:19.234+0100,156.040,1288.000
08:04:26.234,1781161466.234,2026-06-11T08:04:26.234+0100,165.227,1295.000
08:04:33.234,1781161473.234,2026-06-11T08:04:33.234+0100,169.490,1302.000
08:04:40.234,1781161480.234,2026-06-11T08:04:40.234+0100,160.349,1309.000
08:04:47.234,1781161487.234,2026-06-11T08:04:47.234+0100,173.491,1316.000
08:04:54.234,1781161494.234,2026-06-11T08:04:54.234+0100,149.669,1323.000
08:05:01.234,1781161501.234,2026-06-11T08:05:01.234+0100,163.026,1330.000
08:05:08.234,1781161508.234,2026-06-11T08:05:08.234+0100,173.490,1337.000
08:05:15.234,1781161515.234,2026-06-11T08:05:15.234+0100,164.919,1344.000
08:05:22.234,1781161522.234,2026-06-11T08:05:22.234+0100,162.981,1351.000
08:05:29.234,1781161529.234,2026-06-11T08:05:29.234+0100,166.858,1358.000
08:05:36.234,1781161536.234,2026-06-11T08:05:36.234+0100,164.921,1365.000
08:05:43.234,1781161543.234,2026-06-11T08:05:43.234+0100,165.091,1372.000
08:05:50.234,1781161550.234,2026-06-11T08:05:50.234+0100,166.735,1379.000
08:05:57.234,1781161557.234,2026-06-11T08:05:57.234+0100,162.936,1386.000
08:06:04.234,1781161564.234,2026-06-11T08:06:04.234+0100,182.064,1393.000
08:06:11.234,1781161571.234,2026-06-11T08:06:11.234+0100,173.617,1400.000
08:06:18.234,1781161578.234,2026-06-11T08:06:18.234+0100,179.910,1407.000
08:06:25.234,1781161585.234,2026-06-11T08:06:25.234+0100,179.911,1414.000
08:06:32.234,1781161592.234,2026-06-11T08:06:32.234+0100,179.911,1421.000
08:06:39.234,1781161599.234,2026-06-11T08:06:39.234+0100,179.911,1428.000
08:06:46.234,1781161606.234,2026-06-11T08:06:46.234+0100,181.986,1435.000
08:06:53.234,1781161613.234,2026-06-11T08:06:53.234+0100,182.066,1442.000
08:07:00.234,1781161620.234,2026-06-11T08:07:00.234+0100,182.066,1449.000
08:07:07.234,1781161627.234,2026-06-11T08:07:07.234+0100,173.531,1456.000
08:07:14.234,1781161634.234,2026-06-11T08:07:14.234+0100,182.030,1463.000
08:07:21.234,1781161641.234,2026-06-11T08:07:21.234+0100,177.796,1470.000
08:07:28.234,1781161648.234,2026-06-11T08:07:28.234+0100,179.913,1477.000
08:07:35.234,1781161655.234,2026-06-11T08:07:35.234+0100,179.971,1484.000
08:07:42.234,1781161662.234,2026-06-11T08:07:42.234+0100,179.857,1491.000
08:07:49.234,1781161669.234,2026-06-11T08:07:49.234+0100,179.914,1498.000
08:07:56.234,1781161676.234,2026-06-11T08:07:56.234+0100,177.811,1505.000
08:08:03.234,1781161683.234,2026-06-11T08:08:03.234+0100,173.497,1512.000
08:08:10.234,1781161690.234,2026-06-11T08:08:10.234+0100,167.129,1519.000
08:08:17.234,1781161697.234,2026-06-11T08:08:17.234+0100,175.508,1526.000
08:08:24.234,1781161704.234,2026-06-11T08:08:24.234+0100,177.854,1533.000
08:08:31.234,1781161711.234,2026-06-11T08:08:31.234+0100,156.355,1540.000
08:08:38.234,1781161718.234,2026-06-11T08:08:38.234+0100,182.069,1547.000
08:08:45.234,1781161725.234,2026-06-11T08:08:45.234+0100,169.325,1554.000
08:08:52.234,1781161732.234,2026-06-11T08:08:52.234+0100,154.470,1561.000
08:08:59.234,1781161739.234,2026-06-11T08:08:59.234+0100,145.269,1568.000
08:09:06.234,1781161746.234,2026-06-11T08:09:06.234+0100,164.926,1575.000
08:09:13.234,1781161753.234,2026-06-11T08:09:13.234+0100,164.926,1582.000
08:09:20.234,1781161760.234,2026-06-11T08:09:20.234+0100,164.926,1589.000
08:09:27.234,1781161767.234,2026-06-11T08:09:27.234+0100,173.321,1596.000
08:09:34.234,1781161774.234,2026-06-11T08:09:34.234+0100,165.103,1603.000
08:09:41.234,1781161781.234,2026-06-11T08:09:41.234+0100,164.926,1610.000
08:09:48.234,1781161788.234,2026-06-11T08:09:48.234+0100,164.926,1617.000
08:09:55.234,1781161795.234,2026-06-11T08:09:55.234+0100,164.926,1624.000
08:10:02.234,1781161802.234,2026-06-11T08:10:02.234+0100,164.926,1631.000
08:10:09.234,1781161809.234,2026-06-11T08:10:09.234+0100,173.498,1638.000
08:10:16.234,1781161816.234,2026-06-11T08:10:16.234+0100,164.927,1645.000
08:10:23.234,1781161823.234,2026-06-11T08:10:23.234+0100,164.927,1652.000
08:10:30.234,1781161830.234,2026-06-11T08:10:30.234+0100,147.784,1659.000
08:10:37.234,1781161837.234,2026-06-11T08:10:37.234+0100,160.923,1666.000
08:10:44.234,1781161844.234,2026-06-11T08:10:44.234+0100,160.360,1673.000
08:10:51.234,1781161851.234,2026-06-11T08:10:51.234+0100,165.230,1680.000
08:10:58.234,1781161858.234,2026-06-11T08:10:58.234+0100,164.625,1687.000
08:11:05.234,1781161865.234,2026-06-11T08:11:05.234+0100,152.393,1694.000
08:11:12.234,1781161872.234,2026-06-11T08:11:12.234+0100,165.271,1701.000
08:11:19.234,1781161879.234,2026-06-11T08:11:19.234+0100,151.404,1708.000
08:11:26.234,1781161886.234,2026-06-11T08:11:26.234+0100,173.499,1715.000
08:11:33.234,1781161893.234,2026-06-11T08:11:33.234+0100,173.500,1722.000
08:11:40.234,1781161900.234,2026-06-11T08:11:40.234+0100,175.268,1729.000
08:11:47.234,1781161907.234,2026-06-11T08:11:47.234+0100,179.918,1736.000
08:11:54.234,1781161914.234,2026-06-11T08:11:54.234+0100,173.885,1743.000
08:12:01.234,1781161921.234,2026-06-11T08:12:01.234+0100,177.381,1750.000
08:12:08.234,1781161928.234,2026-06-11T08:12:08.234+0100,179.919,1757.000
08:12:15.234,1781161935.234,2026-06-11T08:12:15.234+0100,179.919,1764.000
08:12:22.234,1781161942.234,2026-06-11T08:12:22.234+0100,173.926,1771.000
08:12:29.234,1781161949.234,2026-06-11T08:12:29.234+0100,177.341,1778.000
08:12:36.234,1781161956.234,2026-06-11T08:12:36.234+0100,179.920,1785.000
08:12:43.234,1781161963.234,2026-06-11T08:12:43.234+0100,179.920,1792.000
08:12:50.234,1781161970.234,2026-06-11T08:12:50.234+0100,173.967,1799.000
08:12:57.234,1781161977.234,2026-06-11T08:12:57.234+0100,182.073,1806.000
08:13:04.234,1781161984.234,2026-06-11T08:13:04.234+0100,175.149,1813.000
08:13:11.234,1781161991.234,2026-06-11T08:13:11.234+0100,180.426,1820.000
08:13:18.234,1781161998.234,2026-06-11T08:13:18.234+0100,179.415,1827.000
08:13:25.234,1781162005.234,2026-06-11T08:13:25.234+0100,176.161,1834.000
08:13:32.234,1781162012.234,2026-06-11T08:13:32.234+0100,182.074,1841.000
08:13:39.234,1781162019.234,2026-06-11T08:13:39.234+0100,173.503,1848.000
08:13:46.234,1781162026.234,2026-06-11T08:13:46.234+0100,179.377,1855.000
08:13:53.234,1781162033.234,2026-06-11T08:13:53.234+0100,179.922,1862.000
08:14:00.234,1781162040.234,2026-06-11T08:14:00.234+0100,178.353,1869.000
08:14:07.234,1781162047.234,2026-06-11T08:14:07.234+0100,173.503,1876.000
08:14:14.234,1781162054.234,2026-06-11T08:14:14.234+0100,179.338,1883.000
08:14:21.234,1781162061.234,2026-06-11T08:14:21.234+0100,163.986,1890.000
08:14:28.234,1781162068.234,2026-06-11T08:14:28.234+0100,160.042,1897.000
08:14:35.234,1781162075.234,2026-06-11T08:14:35.234+0100,172.880,1904.000
08:14:42.234,1781162082.234,2026-06-11T08:14:42.234+0100,165.555,1911.000
08:14:49.234,1781162089.234,2026-06-11T08:14:49.234+0100,164.932,1918.000
08:14:56.234,1781162096.234,2026-06-11T08:14:56.234+0100,164.932,1925.000
08:15:03.234,1781162103.234,2026-06-11T08:15:03.234+0100,164.932,1932.000
08:15:10.234,1781162110.234,2026-06-11T08:15:10.234+0100,173.503,1939.000
08:15:17.234,1781162117.234,2026-06-11T08:15:17.234+0100,164.932,1946.000
08:15:24.234,1781162124.234,2026-06-11T08:15:24.234+0100,166.384,1953.000
08:15:31.234,1781162131.234,2026-06-11T08:15:31.234+0100,172.052,1960.000
08:15:38.234,1781162138.234,2026-06-11T08:15:38.234+0100,170.650,1967.000
08:15:45.234,1781162145.234,2026-06-11T08:15:45.234+0100,167.786,1974.000
08:15:52.234,1781162152.234,2026-06-11T08:15:52.234+0100,170.678,1981.000
08:15:59.234,1781162159.234,2026-06-11T08:15:59.234+0100,150.615,1988.000
08:16:06.234,1781162166.234,2026-06-11T08:16:06.234+0100,173.504,1995.000
08:16:13.234,1781162173.234,2026-06-11T08:16:13.234+0100,168.459,2002.000
08:16:20.234,1781162180.234,2026-06-11T08:16:20.234+0100,135.691,2009.000
08:16:27.234,1781162187.234,2026-06-11T08:16:27.234+0100,164.932,2016.000
08:16:34.234,1781162194.234,2026-06-11T08:16:34.234+0100,162.222,2023.000
08:16:41.234,1781162201.234,2026-06-11T08:16:41.234+0100,159.071,2030.000
08:16:48.234,1781162208.234,2026-06-11T08:16:48.234+0100,173.504,2037.000
08:16:55.234,1781162215.234,2026-06-11T08:16:55.234+0100,172.687,2044.000
08:17:02.234,1781162222.234,2026-06-11T08:17:02.234+0100,174.321,2051.000
08:17:09.234,1781162229.234,2026-06-11T08:17:09.234+0100,182.075,2058.000
08:17:16.234,1781162236.234,2026-06-11T08:17:16.234+0100,174.801,2065.000
08:17:23.234,1781162243.234,2026-06-11T08:17:23.234+0100,188.494,2072.000
08:17:30.234,1781162250.234,2026-06-11T08:17:30.234+0100,174.359,2079.000
08:17:37.234,1781162257.234,2026-06-11T08:17:37.234+0100,182.076,2086.000
08:17:44.234,1781162264.234,2026-06-11T08:17:44.234+0100,182.076,2093.000
08:17:51.234,1781162271.234,2026-06-11T08:17:51.234+0100,181.182,2100.000
08:17:58.234,1781162278.234,2026-06-11T08:17:58.234+0100,179.924,2107.000
08:18:05.234,1781162285.234,2026-06-11T08:18:05.234+0100,179.924,2114.000
08:18:12.234,1781162292.234,2026-06-11T08:18:12.234+0100,187.275,2121.000
08:18:19.234,1781162299.234,2026-06-11T08:18:19.234+0100,173.505,2128.000
08:18:26.234,1781162306.234,2026-06-11T08:18:26.234+0100,187.563,2135.000
08:18:33.234,1781162313.234,2026-06-11T08:18:33.234+0100,176.589,2142.000
08:18:40.234,1781162320.234,2026-06-11T08:18:40.234+0100,183.258,2149.000
08:18:47.234,1781162327.234,2026-06-11T08:18:47.234+0100,179.924,2156.000
08:18:54.234,1781162334.234,2026-06-11T08:18:54.234+0100,179.924,2163.000
08:19:01.234,1781162341.234,2026-06-11T08:19:01.234+0100,179.923,2170.000
08:19:08.234,1781162348.234,2026-06-11T08:19:08.234+0100,162.781,2177.000
08:19:15.234,1781162355.234,2026-06-11T08:19:15.234+0100,179.923,2184.000
08:19:22.234,1781162362.234,2026-06-11T08:19:22.234+0100,162.780,2191.000
08:19:29.234,1781162369.234,2026-06-11T08:19:29.234+0100,179.923,2198.000
08:19:36.234,1781162376.234,2026-06-11T08:19:36.234+0100,179.923,2205.000
08:19:43.234,1781162383.234,2026-06-11T08:19:43.234+0100,179.924,2212.000
08:19:50.234,1781162390.234,2026-06-11T08:19:50.234+0100,152.036,2219.000
08:19:57.234,1781162397.234,2026-06-11T08:19:57.234+0100,153.163,2226.000
08:20:04.234,1781162404.234,2026-06-11T08:20:04.234+0100,164.933,2233.000
08:20:11.234,1781162411.234,2026-06-11T08:20:11.234+0100,164.933,2240.000
08:20:18.234,1781162418.234,2026-06-11T08:20:18.234+0100,173.504,2247.000
08:20:25.234,1781162425.234,2026-06-11T08:20:25.234+0100,164.933,2254.000
08:20:32.234,1781162432.234,2026-06-11T08:20:32.234+0100,164.933,2261.000
08:20:39.234,1781162439.234,2026-06-11T08:20:39.234+0100,164.933,2268.000
08:20:46.234,1781162446.234,2026-06-11T08:20:46.234+0100,173.504,2275.000
08:20:53.234,1781162453.234,2026-06-11T08:20:53.234+0100,164.933,2282.000
08:21:00.234,1781162460.234,2026-06-11T08:21:00.234+0100,164.933,2289.000
08:21:07.234,1781162467.234,2026-06-11T08:21:07.234+0100,163.771,2296.000
08:21:14.234,1781162474.234,2026-06-11T08:21:14.234+0100,157.523,2303.000
08:21:21.234,1781162481.234,2026-06-11T08:21:21.234+0100,164.932,2310.000
08:21:28.234,1781162488.234,2026-06-11T08:21:28.234+0100,173.504,2317.000
08:21:35.234,1781162495.234,2026-06-11T08:21:35.234+0100,164.932,2324.000
08:21:42.234,1781162502.234,2026-06-11T08:21:42.234+0100,164.932,2331.000
08:21:49.234,1781162509.234,2026-06-11T08:21:49.234+0100,167.997,2338.000
08:21:56.234,1781162516.234,2026-06-11T08:21:56.234+0100,153.294,2345.000
08:22:03.234,1781162523.234,2026-06-11T08:22:03.234+0100,164.932,2352.000
08:22:10.234,1781162530.234,2026-06-11T08:22:10.234+0100,130.646,2359.000
08:22:17.234,1781162537.234,2026-06-11T08:22:17.234+0100,182.074,2366.000
08:22:24.234,1781162544.234,2026-06-11T08:22:24.234+0100,182.074,2373.000
08:22:31.234,1781162551.234,2026-06-11T08:22:31.234+0100,180.796,2380.000
08:22:38.234,1781162558.234,2026-06-11T08:22:38.234+0100,179.922,2387.000
08:22:45.234,1781162565.234,2026-06-11T08:22:45.234+0100,179.922,2394.000
08:22:52.234,1781162572.234,2026-06-11T08:22:52.234+0100,188.494,2401.000
08:22:59.234,1781162579.234,2026-06-11T08:22:59.234+0100,181.240,2408.000
08:23:06.234,1781162586.234,2026-06-11T08:23:06.234+0100,182.075,2415.000
08:23:13.234,1781162593.234,2026-06-11T08:23:13.234+0100,185.023,2422.000
08:23:20.234,1781162600.234,2026-06-11T08:23:20.234+0100,179.922,2429.000
08:23:27.234,1781162607.234,2026-06-11T08:23:27.234+0100,181.279,2436.000
08:23:34.234,1781162614.234,2026-06-11T08:23:34.234+0100,187.137,2443.000
08:23:41.234,1781162621.234,2026-06-11T08:23:41.234+0100,179.922,2450.000
08:23:48.234,1781162628.234,2026-06-11T08:23:48.234+0100,179.922,2457.000
08:23:55.234,1781162635.234,2026-06-11T08:23:55.234+0100,188.493,2464.000
08:24:02.234,1781162642.234,2026-06-11T08:24:02.234+0100,179.922,2471.000
08:24:09.234,1781162649.234,2026-06-11T08:24:09.234+0100,179.922,2478.000
08:24:16.234,1781162656.234,2026-06-11T08:24:16.234+0100,179.922,2485.000
08:24:23.234,1781162663.234,2026-06-11T08:24:23.234+0100,181.357,2492.000
08:24:30.234,1781162670.234,2026-06-11T08:24:30.234+0100,174.901,2499.000
08:24:37.234,1781162677.234,2026-06-11T08:24:37.234+0100,183.509,2506.000
08:24:44.234,1781162684.234,2026-06-11T08:24:44.234+0100,179.922,2513.000
08:24:51.234,1781162691.234,2026-06-11T08:24:51.234+0100,188.494,2520.000
08:24:58.234,1781162698.234,2026-06-11T08:24:58.234+0100,174.977,2527.000
08:25:05.234,1781162705.234,2026-06-11T08:25:05.234+0100,173.696,2534.000
08:25:12.234,1781162712.234,2026-06-11T08:25:12.234+0100,147.597,2541.000
08:25:19.234,1781162719.234,2026-06-11T08:25:19.234+0100,156.361,2548.000
08:25:26.234,1781162726.234,2026-06-11T08:25:26.234+0100,164.932,2555.000
08:25:33.234,1781162733.234,2026-06-11T08:25:33.234+0100,164.932,2562.000
08:25:40.234,1781162740.234,2026-06-11T08:25:40.234+0100,173.503,2569.000
08:25:47.234,1781162747.234,2026-06-11T08:25:47.234+0100,164.932,2576.000
08:25:54.234,1781162754.234,2026-06-11T08:25:54.234+0100,164.932,2583.000
08:26:01.234,1781162761.234,2026-06-11T08:26:01.234+0100,164.932,2590.000
08:26:08.234,1781162768.234,2026-06-11T08:26:08.234+0100,155.798,2597.000
08:26:15.234,1781162775.234,2026-06-11T08:26:15.234+0100,156.923,2604.000
08:26:22.234,1781162782.234,2026-06-11T08:26:22.234+0100,169.761,2611.000
08:26:29.234,1781162789.234,2026-06-11T08:26:29.234+0100,168.674,2618.000
08:26:36.234,1781162796.234,2026-06-11T08:26:36.234+0100,164.932,2625.000
08:26:43.234,1781162803.234,2026-06-11T08:26:43.234+0100,164.932,2632.000
08:26:50.234,1781162810.234,2026-06-11T08:26:50.234+0100,164.932,2639.000
08:26:57.234,1781162817.234,2026-06-11T08:26:57.234+0100,156.361,2646.000
08:27:04.234,1781162824.234,2026-06-11T08:27:04.234+0100,164.932,2653.000
08:27:11.234,1781162831.234,2026-06-11T08:27:11.234+0100,149.457,2660.000
08:27:18.234,1781162838.234,2026-06-11T08:27:18.234+0100,163.265,2667.000
08:27:25.234,1781162845.234,2026-06-11T08:27:25.234+0100,164.932,2674.000
08:27:32.234,1781162852.234,2026-06-11T08:27:32.234+0100,173.504,2681.000
08:27:39.234,1781162859.234,2026-06-11T08:27:39.234+0100,173.504,2688.000
08:27:46.234,1781162866.234,2026-06-11T08:27:46.234+0100,178.217,2695.000
08:27:53.234,1781162873.234,2026-06-11T08:27:53.234+0100,185.934,2702.000
08:28:00.234,1781162880.234,2026-06-11T08:28:00.234+0100,182.483,2709.000
08:28:07.234,1781162887.234,2026-06-11T08:28:07.234+0100,179.923,2716.000
08:28:14.234,1781162894.234,2026-06-11T08:28:14.234+0100,188.495,2723.000
08:28:21.234,1781162901.234,2026-06-11T08:28:21.234+0100,179.923,2730.000
08:28:28.234,1781162908.234,2026-06-11T08:28:28.234+0100,179.923,2737.000
08:28:35.234,1781162915.234,2026-06-11T08:28:35.234+0100,181.706,2744.000
08:28:42.234,1781162922.234,2026-06-11T08:28:42.234+0100,186.712,2751.000
08:28:49.234,1781162929.234,2026-06-11T08:28:49.234+0100,179.923,2758.000
08:28:56.234,1781162936.234,2026-06-11T08:28:56.234+0100,179.593,2765.000
08:29:03.234,1781162943.234,2026-06-11T08:29:03.234+0100,163.112,2772.000
08:29:10.234,1781162950.234,2026-06-11T08:29:10.234+0100,183.897,2779.000
08:29:17.234,1781162957.234,2026-06-11T08:29:17.234+0100,182.076,2786.000
08:29:24.234,1781162964.234,2026-06-11T08:29:24.234+0100,173.798,2793.000
08:29:31.234,1781162971.234,2026-06-11T08:29:31.234+0100,181.783,2800.000
08:29:38.234,1781162978.234,2026-06-11T08:29:38.234+0100,164.933,2807.000
08:29:45.234,1781162985.234,2026-06-11T08:29:45.234+0100,175.912,2814.000
08:29:52.234,1781162992.234,2026-06-11T08:29:52.234+0100,179.924,2821.000
08:29:59.234,1781162999.234,2026-06-11T08:29:59.234+0100,181.822,2828.000
08:30:06.234,1781163006.234,2026-06-11T08:30:06.234+0100,182.076,2835.000
08:30:13.234,1781163013.234,2026-06-11T08:30:13.234+0100,175.874,2842.000
08:30:20.234,1781163020.234,2026-06-11T08:30:20.234+0100,179.924,2849.000
08:30:27.234,1781163027.234,2026-06-11T08:30:27.234+0100,173.288,2856.000
08:30:34.234,1781163034.234,2026-06-11T08:30:34.234+0100,182.077,2863.000
08:30:41.234,1781163041.234,2026-06-11T08:30:41.234+0100,164.934,2870.000
08:30:48.234,1781163048.234,2026-06-11T08:30:48.234+0100,164.755,2877.000
08:30:55.234,1781163055.234,2026-06-11T08:30:55.234+0100,156.541,2884.000
08:31:02.234,1781163062.234,2026-06-11T08:31:02.234+0100,164.933,2891.000
08:31:09.234,1781163069.234,2026-06-11T08:31:09.234+0100,156.362,2898.000
08:31:16.234,1781163076.234,2026-06-11T08:31:16.234+0100,164.933,2905.000
08:31:23.234,1781163083.234,2026-06-11T08:31:23.234+0100,164.933,2912.000
08:31:30.234,1781163090.234,2026-06-11T08:31:30.234+0100,164.933,2919.000
08:31:37.234,1781163097.234,2026-06-11T08:31:37.234+0100,173.504,2926.000
08:31:44.234,1781163104.234,2026-06-11T08:31:44.234+0100,164.933,2933.000
08:31:51.234,1781163111.234,2026-06-11T08:31:51.234+0100,164.932,2940.000
08:31:58.234,1781163118.234,2026-06-11T08:31:58.234+0100,164.932,2947.000
08:32:05.234,1781163125.234,2026-06-11T08:32:05.234+0100,164.932,2954.000
08:32:12.234,1781163132.234,2026-06-11T08:32:12.234+0100,164.805,2961.000
08:32:19.234,1781163139.234,2026-06-11T08:32:19.234+0100,147.916,2968.000
08:32:26.234,1781163146.234,2026-06-11T08:32:26.234+0100,164.932,2975.000
08:32:33.234,1781163153.234,2026-06-11T08:32:33.234+0100,164.932,2982.000
08:32:40.234,1781163160.234,2026-06-11T08:32:40.234+0100,147.616,2989.000
08:32:47.234,1781163167.234,2026-06-11T08:32:47.234+0100,165.106,2996.000
08:32:54.234,1781163174.234,2026-06-11T08:32:54.234+0100,173.504,3003.000
08:33:01.234,1781163181.234,2026-06-11T08:33:01.234+0100,149.928,3010.000
08:33:08.234,1781163188.234,2026-06-11T08:33:08.234+0100,180.034,3017.000
08:33:15.234,1781163195.234,2026-06-11T08:33:15.234+0100,179.811,3024.000
08:33:22.234,1781163202.234,2026-06-11T08:33:22.234+0100,184.242,3031.000
08:33:29.234,1781163209.234,2026-06-11T08:33:29.234+0100,184.175,3038.000
08:33:36.234,1781163216.234,2026-06-11T08:33:36.234+0100,188.494,3045.000
08:33:43.234,1781163223.234,2026-06-11T08:33:43.234+0100,179.922,3052.000
08:33:50.234,1781163230.234,2026-06-11T08:33:50.234+0100,184.280,3059.000
08:33:57.234,1781163237.234,2026-06-11T08:33:57.234+0100,184.136,3066.000
08:34:04.234,1781163244.234,2026-06-11T08:34:04.234+0100,180.014,3073.000
08:34:11.234,1781163251.234,2026-06-11T08:34:11.234+0100,188.402,3080.000
08:34:18.234,1781163258.234,2026-06-11T08:34:18.234+0100,179.922,3087.000
08:34:25.234,1781163265.234,2026-06-11T08:34:25.234+0100,179.922,3094.000
08:34:32.234,1781163272.234,2026-06-11T08:34:32.234+0100,180.053,3101.000
08:34:39.234,1781163279.234,2026-06-11T08:34:39.234+0100,188.364,3108.000
08:34:46.234,1781163286.234,2026-06-11T08:34:46.234+0100,179.923,3115.000
08:34:53.234,1781163293.234,2026-06-11T08:34:53.234+0100,179.923,3122.000
08:35:00.234,1781163300.234,2026-06-11T08:35:00.234+0100,163.118,3129.000
08:35:07.234,1781163307.234,2026-06-11T08:35:07.234+0100,179.584,3136.000
08:35:14.234,1781163314.234,2026-06-11T08:35:14.234+0100,179.923,3143.000
08:35:21.234,1781163321.234,2026-06-11T08:35:21.234+0100,179.923,3150.000
08:35:28.234,1781163328.234,2026-06-11T08:35:28.234+0100,179.923,3157.000
08:35:35.234,1781163335.234,2026-06-11T08:35:35.234+0100,173.712,3164.000
08:35:42.234,1781163342.234,2026-06-11T08:35:42.234+0100,182.075,3171.000
08:35:49.234,1781163349.234,2026-06-11T08:35:49.234+0100,175.410,3178.000
08:35:56.234,1781163356.234,2026-06-11T08:35:56.234+0100,180.169,3185.000
08:36:03.234,1781163363.234,2026-06-11T08:36:03.234+0100,169.730,3192.000
08:36:10.234,1781163370.234,2026-06-11T08:36:10.234+0100,156.114,3199.000
08:36:17.234,1781163377.234,2026-06-11T08:36:17.234+0100,160.381,3206.000
08:36:24.234,1781163384.234,2026-06-11T08:36:24.234+0100,164.932,3213.000
08:36:31.234,1781163391.234,2026-06-11T08:36:31.234+0100,171.066,3220.000
08:36:38.234,1781163398.234,2026-06-11T08:36:38.234+0100,167.370,3227.000
08:36:45.234,1781163405.234,2026-06-11T08:36:45.234+0100,164.932,3234.000
08:36:52.234,1781163412.234,2026-06-11T08:36:52.234+0100,173.180,3241.000
08:36:59.234,1781163419.234,2026-06-11T08:36:59.234+0100,153.066,3248.000
08:37:06.234,1781163426.234,2026-06-11T08:37:06.234+0100,168.550,3255.000
08:37:13.234,1781163433.234,2026-06-11T08:37:13.234+0100,164.932,3262.000
08:37:20.234,1781163440.234,2026-06-11T08:37:20.234+0100,148.877,3269.000
08:37:27.234,1781163447.234,2026-06-11T08:37:27.234+0100,163.844,3276.000
08:37:34.234,1781163454.234,2026-06-11T08:37:34.234+0100,164.932,3283.000
08:37:41.234,1781163461.234,2026-06-11T08:37:41.234+0100,171.752,3290.000
08:37:48.234,1781163468.234,2026-06-11T08:37:48.234+0100,158.111,3297.000
08:37:55.234,1781163475.234,2026-06-11T08:37:55.234+0100,173.503,3304.000
08:38:02.234,1781163482.234,2026-06-11T08:38:02.234+0100,147.789,3311.000
08:38:09.234,1781163489.234,2026-06-11T08:38:09.234+0100,166.644,3318.000
08:38:16.234,1781163496.234,2026-06-11T08:38:16.234+0100,171.791,3325.000
08:38:23.234,1781163503.234,2026-06-11T08:38:23.234+0100,164.932,3332.000
08:38:30.234,1781163510.234,2026-06-11T08:38:30.234+0100,160.186,3339.000
08:38:37.234,1781163517.234,2026-06-11T08:38:37.234+0100,179.922,3346.000
08:38:44.234,1781163524.234,2026-06-11T08:38:44.234+0100,180.402,3353.000
08:38:51.234,1781163531.234,2026-06-11T08:38:51.234+0100,188.014,3360.000
08:38:58.234,1781163538.234,2026-06-11T08:38:58.234+0100,179.922,3367.000
08:39:05.234,1781163545.234,2026-06-11T08:39:05.234+0100,179.922,3374.000
08:39:12.234,1781163552.234,2026-06-11T08:39:12.234+0100,180.440,3381.000
08:39:19.234,1781163559.234,2026-06-11T08:39:19.234+0100,182.075,3388.000
08:39:26.234,1781163566.234,2026-06-11T08:39:26.234+0100,185.823,3395.000
08:39:33.234,1781163573.234,2026-06-11T08:39:33.234+0100,179.922,3402.000
08:39:40.234,1781163580.234,2026-06-11T08:39:40.234+0100,179.922,3409.000
08:39:47.234,1781163587.234,2026-06-11T08:39:47.234+0100,182.632,3416.000
08:39:54.234,1781163594.234,2026-06-11T08:39:54.234+0100,182.075,3423.000
08:40:01.234,1781163601.234,2026-06-11T08:40:01.234+0100,182.075,3430.000
08:40:08.234,1781163608.234,2026-06-11T08:40:08.234+0100,173.504,3437.000
08:40:15.234,1781163615.234,2026-06-11T08:40:15.234+0100,182.075,3444.000
08:40:22.234,1781163622.234,2026-06-11T08:40:22.234+0100,182.075,3451.000
08:40:29.234,1781163629.234,2026-06-11T08:40:29.234+0100,182.075,3458.000
08:40:36.234,1781163636.234,2026-06-11T08:40:36.234+0100,181.441,3465.000
08:40:43.234,1781163643.234,2026-06-11T08:40:43.234+0100,179.923,3472.000
08:40:50.234,1781163650.234,2026-06-11T08:40:50.234+0100,176.291,3479.000
08:40:57.234,1781163657.234,2026-06-11T08:40:57.234+0100,183.555,3486.000
08:41:04.234,1781163664.234,2026-06-11T08:41:04.234+0100,179.923,3493.000
08:41:11.234,1781163671.234,2026-06-11T08:41:11.234+0100,179.923,3500.000
08:41:18.234,1781163678.234,2026-06-11T08:41:18.234+0100,162.780,3507.000
08:41:25.234,1781163685.234,2026-06-11T08:41:25.234+0100,179.923,3514.000
08:41:32.234,1781163692.234,2026-06-11T08:41:32.234+0100,180.634,3521.000
08:41:39.234,1781163699.234,2026-06-11T08:41:39.234+0100,164.933,3528.000
08:41:46.234,1781163706.234,2026-06-11T08:41:46.234+0100,164.933,3535.000
08:41:53.234,1781163713.234,2026-06-11T08:41:53.234+0100,173.504,3542.000
08:42:00.234,1781163720.234,2026-06-11T08:42:00.234+0100,164.933,3549.000
08:42:07.234,1781163727.234,2026-06-11T08:42:07.234+0100,164.932,3556.000
08:42:14.234,1781163734.234,2026-06-11T08:42:14.234+0100,168.449,3563.000
08:42:21.234,1781163741.234,2026-06-11T08:42:21.234+0100,169.987,3570.000
08:42:28.234,1781163748.234,2026-06-11T08:42:28.234+0100,172.715,3577.000
08:42:35.234,1781163755.234,2026-06-11T08:42:35.234+0100,165.721,3584.000
08:42:42.234,1781163762.234,2026-06-11T08:42:42.234+0100,147.789,3591.000
08:42:49.234,1781163769.234,2026-06-11T08:42:49.234+0100,173.504,3598.000
08:42:56.234,1781163776.234,2026-06-11T08:42:56.234+0100,164.932,3605.000
08:43:03.234,1781163783.234,2026-06-11T08:43:03.234+0100,142.198,3612.000
08:43:10.234,1781163790.234,2026-06-11T08:43:10.234+0100,144.809,3619.000
08:43:17.234,1781163797.234,2026-06-11T08:43:17.234+0100,147.789,3626.000
08:43:24.234,1781163804.234,2026-06-11T08:43:24.234+0100,164.932,3633.000
08:43:31.234,1781163811.234,2026-06-11T08:43:31.234+0100,153.826,3640.000
08:43:38.234,1781163818.234,2026-06-11T08:43:38.234+0100,167.465,3647.000
08:43:45.234,1781163825.234,2026-06-11T08:43:45.234+0100,173.503,3654.000
08:43:52.234,1781163832.234,2026-06-11T08:43:52.234+0100,157.265,3661.000
08:43:59.234,1781163839.234,2026-06-11T08:43:59.234+0100,164.026,3668.000
08:44:06.234,1781163846.234,2026-06-11T08:44:06.234+0100,176.864,3675.000
08:44:13.234,1781163853.234,2026-06-11T08:44:13.234+0100,179.922,3682.000
08:44:20.234,1781163860.234,2026-06-11T08:44:20.234+0100,180.866,3689.000
08:44:27.234,1781163867.234,2026-06-11T08:44:27.234+0100,187.549,3696.000
08:44:34.234,1781163874.234,2026-06-11T08:44:34.234+0100,179.922,3703.000
08:44:41.234,1781163881.234,2026-06-11T08:44:41.234+0100,179.922,3710.000
08:44:48.234,1781163888.234,2026-06-11T08:44:48.234+0100,180.906,3717.000
08:44:55.234,1781163895.234,2026-06-11T08:44:55.234+0100,187.511,3724.000
08:45:02.234,1781163902.234,2026-06-11T08:45:02.234+0100,179.923,3731.000
08:45:09.234,1781163909.234,2026-06-11T08:45:09.234+0100,179.923,3738.000
08:45:16.234,1781163916.234,2026-06-11T08:45:16.234+0100,180.944,3745.000
08:45:23.234,1781163923.234,2026-06-11T08:45:23.234+0100,187.472,3752.000
08:45:30.234,1781163930.234,2026-06-11T08:45:30.234+0100,179.923,3759.000
08:45:37.234,1781163937.234,2026-06-11T08:45:37.234+0100,179.923,3766.000
08:45:44.234,1781163944.234,2026-06-11T08:45:44.234+0100,188.494,3773.000
08:45:51.234,1781163951.234,2026-06-11T08:45:51.234+0100,174.564,3780.000
08:45:58.234,1781163958.234,2026-06-11T08:45:58.234+0100,182.075,3787.000
08:46:05.234,1781163965.234,2026-06-11T08:46:05.234+0100,182.075,3794.000
08:46:12.234,1781163972.234,2026-06-11T08:46:12.234+0100,180.976,3801.000
08:46:19.234,1781163979.234,2026-06-11T08:46:19.234+0100,162.780,3808.000
08:46:26.234,1781163986.234,2026-06-11T08:46:26.234+0100,179.923,3815.000
08:46:33.234,1781163993.234,2026-06-11T08:46:33.234+0100,179.923,3822.000
08:46:40.234,1781164000.234,2026-06-11T08:46:40.234+0100,179.923,3829.000
08:46:47.234,1781164007.234,2026-06-11T08:46:47.234+0100,179.923,3836.000
08:46:54.234,1781164014.234,2026-06-11T08:46:54.234+0100,171.351,3843.000
08:47:01.234,1781164021.234,2026-06-11T08:47:01.234+0100,179.923,3850.000
08:47:08.234,1781164028.234,2026-06-11T08:47:08.234+0100,165.133,3857.000
08:47:15.234,1781164035.234,2026-06-11T08:47:15.234+0100,163.756,3864.000
08:47:22.234,1781164042.234,2026-06-11T08:47:22.234+0100,168.022,3871.000
08:47:29.234,1781164049.234,2026-06-11T08:47:29.234+0100,171.351,3878.000
08:47:36.234,1781164056.234,2026-06-11T08:47:36.234+0100,172.566,3885.000
08:47:43.234,1781164063.234,2026-06-11T08:47:43.234+0100,164.932,3892.000
08:47:50.234,1781164070.234,2026-06-11T08:47:50.234+0100,167.982,3899.000
08:47:57.234,1781164077.234,2026-06-11T08:47:57.234+0100,170.452,3906.000
08:48:04.234,1781164084.234,2026-06-11T08:48:04.234+0100,164.931,3913.000
08:48:11.234,1781164091.234,2026-06-11T08:48:11.234+0100,164.931,3920.000
08:48:18.234,1781164098.234,2026-06-11T08:48:18.234+0100,173.503,3927.000
08:48:25.234,1781164105.234,2026-06-11T08:48:25.234+0100,164.931,3934.000
08:48:32.234,1781164112.234,2026-06-11T08:48:32.234+0100,164.931,3941.000
08:48:39.234,1781164119.234,2026-06-11T08:48:39.234+0100,164.931,3948.000
08:48:46.234,1781164126.234,2026-06-11T08:48:46.234+0100,173.503,3955.000
08:48:53.234,1781164133.234,2026-06-11T08:48:53.234+0100,164.931,3962.000
08:49:00.234,1781164140.234,2026-06-11T08:49:00.234+0100,164.931,3969.000
08:49:07.234,1781164147.234,2026-06-11T08:49:07.234+0100,173.503,3976.000
08:49:14.234,1781164154.234,2026-06-11T08:49:14.234+0100,164.931,3983.000
08:49:21.234,1781164161.234,2026-06-11T08:49:21.234+0100,165.712,3990.000
08:49:28.234,1781164168.234,2026-06-11T08:49:28.234+0100,172.722,3997.000
08:49:35.234,1781164175.234,2026-06-11T08:49:35.234+0100,164.931,4004.000
08:49:42.234,1781164182.234,2026-06-11T08:49:42.234+0100,173.503,4011.000
08:49:49.234,1781164189.234,2026-06-11T08:49:49.234+0100,164.931,4018.000
08:49:56.234,1781164196.234,2026-06-11T08:49:56.234+0100,172.091,4025.000
08:50:03.234,1781164203.234,2026-06-11T08:50:03.234+0100,166.343,4032.000
08:50:10.234,1781164210.234,2026-06-11T08:50:10.234+0100,164.931,4039.000
08:50:17.234,1781164217.234,2026-06-11T08:50:17.234+0100,173.503,4046.000
08:50:24.234,1781164224.234,2026-06-11T08:50:24.234+0100,164.931,4053.000
08:50:31.234,1781164231.234,2026-06-11T08:50:31.234+0100,169.899,4060.000
08:50:38.234,1781164238.234,2026-06-11T08:50:38.234+0100,168.535,4067.000
08:50:45.234,1781164245.234,2026-06-11T08:50:45.234+0100,165.593,4074.000
08:50:52.234,1781164252.234,2026-06-11T08:50:52.234+0100,172.840,4081.000
08:50:59.234,1781164259.234,2026-06-11T08:50:59.234+0100,173.503,4088.000
08:51:06.234,1781164266.234,2026-06-11T08:51:06.234+0100,164.931,4095.000
08:51:13.234,1781164273.234,2026-06-11T08:51:13.234+0100,173.503,4102.000
08:51:20.234,1781164280.234,2026-06-11T08:51:20.234+0100,164.931,4109.000
08:51:27.234,1781164287.234,2026-06-11T08:51:27.234+0100,173.503,4116.000
08:51:34.234,1781164294.234,2026-06-11T08:51:34.234+0100,164.931,4123.000
08:51:41.234,1781164301.234,2026-06-11T08:51:41.234+0100,173.503,4130.000
08:51:48.234,1781164308.234,2026-06-11T08:51:48.234+0100,164.931,4137.000
08:51:55.234,1781164315.234,2026-06-11T08:51:55.234+0100,173.503,4144.000
08:52:02.234,1781164322.234,2026-06-11T08:52:02.234+0100,167.628,4151.000
08:52:09.234,1781164329.234,2026-06-11T08:52:09.234+0100,170.806,4158.000
08:52:16.234,1781164336.234,2026-06-11T08:52:16.234+0100,164.931,4165.000
08:52:23.234,1781164343.234,2026-06-11T08:52:23.234+0100,169.742,4172.000
08:52:30.234,1781164350.234,2026-06-11T08:52:30.234+0100,168.692,4179.000
08:52:37.234,1781164357.234,2026-06-11T08:52:37.234+0100,173.503,4186.000
08:52:44.234,1781164364.234,2026-06-11T08:52:44.234+0100,164.931,4193.000
08:52:51.234,1781164371.234,2026-06-11T08:52:51.234+0100,169.702,4200.000
08:52:58.234,1781164378.234,2026-06-11T08:52:58.234+0100,168.732,4207.000
08:53:05.234,1781164385.234,2026-06-11T08:53:05.234+0100,173.503,4214.000
08:53:12.234,1781164392.234,2026-06-11T08:53:12.234+0100,164.931,4221.000
08:53:19.234,1781164399.234,2026-06-11T08:53:19.234+0100,155.468,4228.000
08:53:26.234,1781164406.234,2026-06-11T08:53:26.234+0100,157.252,4235.000
08:53:33.234,1781164413.234,2026-06-11T08:53:33.234+0100,173.503,4242.000
08:53:40.234,1781164420.234,2026-06-11T08:53:40.234+0100,164.931,4249.000
08:53:47.234,1781164427.234,2026-06-11T08:53:47.234+0100,173.503,4256.000
08:53:54.234,1781164434.234,2026-06-11T08:53:54.234+0100,167.472,4263.000
08:54:01.234,1781164441.234,2026-06-11T08:54:01.234+0100,170.963,4270.000
08:54:08.234,1781164448.234,2026-06-11T08:54:08.234+0100,164.932,4277.000
08:54:15.234,1781164455.234,2026-06-11T08:54:15.234+0100,173.503,4284.000
08:54:22.234,1781164462.234,2026-06-11T08:54:22.234+0100,164.932,4291.000
08:54:29.234,1781164469.234,2026-06-11T08:54:29.234+0100,173.503,4298.000
08:54:36.234,1781164476.234,2026-06-11T08:54:36.234+0100,164.931,4305.000
08:54:43.234,1781164483.234,2026-06-11T08:54:43.234+0100,173.503,4312.000
08:54:50.234,1781164490.234,2026-06-11T08:54:50.234+0100,173.503,4319.000
08:54:57.234,1781164497.234,2026-06-11T08:54:57.234+0100,165.241,4326.000
08:55:04.234,1781164504.234,2026-06-11T08:55:04.234+0100,173.194,4333.000
08:55:11.234,1781164511.234,2026-06-11T08:55:11.234+0100,169.507,4340.000
08:55:18.234,1781164518.234,2026-06-11T08:55:18.234+0100,168.928,4347.000
08:55:25.234,1781164525.234,2026-06-11T08:55:25.234+0100,173.503,4354.000
08:55:32.234,1781164532.234,2026-06-11T08:55:32.234+0100,164.932,4361.000
08:55:39.234,1781164539.234,2026-06-11T08:55:39.234+0100,168.967,4368.000
08:55:46.234,1781164546.234,2026-06-11T08:55:46.234+0100,49.924,4375.000
08:55:54.627,1781164554.627,2026-06-11T08:55:54.627+0100,,4383.393
