Date,Timestamp,ISO8601,GCT (ms),Since start (second)
07:42:51.234,1781160171.234,2026-06-11T07:42:51.234+0100,,0.000
07:43:07.605,1781160187.605,2026-06-11T07:43:07.605+0100,261,16.371
07:43:12.700,1781160192.700,2026-06-11T07:43:12.700+0100,264,21.465
07:43:17.794,1781160197.794,2026-06-11T07:43:17.794+0100,270,26.560
07:43:22.888,1781160202.888,2026-06-11T07:43:22.888+0100,262,31.654
07:43:27.983,1781160207.983,2026-06-11T07:43:27.983+0100,276,36.748
07:43:33.077,1781160213.077,2026-06-11T07:43:33.077+0100,264,41.843
07:43:38.171,1781160218.171,2026-06-11T07:43:38.171+0100,264,46.937
07:43:43.265,1781160223.265,2026-06-11T07:43:43.265+0100,268,52.031
07:43:48.360,1781160228.360,2026-06-11T07:43:48.360+0100,267,57.125
07:43:53.454,1781160233.454,2026-06-11T07:43:53.454+0100,259,62.220
07:43:58.548,1781160238.548,2026-06-11T07:43:58.548+0100,270,67.314
07:44:03.642,1781160243.642,2026-06-11T07:44:03.642+0100,260,72.408
07:44:08.737,1781160248.737,2026-06-11T07:44:08.737+0100,264,77.502
07:44:13.831,1781160253.831,2026-06-11T07:44:13.831+0100,259,82.597
07:44:18.925,1781160258.925,2026-06-11T07:44:18.925+0100,263,87.691
07:44:24.019,1781160264.019,2026-06-11T07:44:24.019+0100,266,92.785
07:44:29.113,1781160269.113,2026-06-11T07:44:29.113+0100,263,97.879
07:44:34.208,1781160274.208,2026-06-11T07:44:34.208+0100,263,102.973
07:44:39.302,1781160279.302,2026-06-11T07:44:39.302+0100,261,108.067
07:44:44.396,1781160284.396,2026-06-11T07:44:44.396+0100,259,113.162
07:44:49.490,1781160289.490,2026-06-11T07:44:49.490+0100,260,118.256
07:44:54.584,1781160294.584,2026-06-11T07:44:54.584+0100,265,123.350
07:44:59.678,1781160299.678,2026-06-11T07:44:59.678+0100,261,128.444
07:45:04.772,1781160304.772,2026-06-11T07:45:04.772+0100,262,133.538
07:45:09.866,1781160309.866,2026-06-11T07:45:09.866+0100,269,138.632
07:45:14.960,1781160314.960,2026-06-11T07:45:14.960+0100,270,143.726
07:45:20.054,1781160320.054,2026-06-11T07:45:20.054+0100,264,148.820
07:45:25.148,1781160325.148,2026-06-11T07:45:25.148+0100,261,153.914
07:45:30.242,1781160330.242,2026-06-11T07:45:30.242+0100,256,159.008
07:45:35.336,1781160335.336,2026-06-11T07:45:35.336+0100,264,164.102
07:45:40.430,1781160340.430,2026-06-11T07:45:40.430+0100,302,169.196
07:45:45.524,1781160345.524,2026-06-11T07:45:45.524+0100,289,174.290
07:45:50.618,1781160350.618,2026-06-11T07:45:50.618+0100,266,179.384
07:45:55.712,1781160355.712,2026-06-11T07:45:55.712+0100,263,184.478
07:46:00.806,1781160360.806,2026-06-11T07:46:00.806+0100,257,189.572
07:46:05.900,1781160365.900,2026-06-11T07:46:05.900+0100,262,194.666
07:46:10.994,1781160370.994,2026-06-11T07:46:10.994+0100,265,199.760
07:46:16.088,1781160376.088,2026-06-11T07:46:16.088+0100,258,204.854
07:46:21.182,1781160381.182,2026-06-11T07:46:21.182+0100,264,209.948
07:46:26.276,1781160386.276,2026-06-11T07:46:26.276+0100,261,215.042
07:46:31.370,1781160391.370,2026-06-11T07:46:31.370+0100,258,220.136
07:46:36.464,1781160396.464,2026-06-11T07:46:36.464+0100,259,225.230
07:46:41.558,1781160401.558,2026-06-11T07:46:41.558+0100,260,230.324
07:46:46.652,1781160406.652,2026-06-11T07:46:46.652+0100,266,235.417
07:46:51.746,1781160411.746,2026-06-11T07:46:51.746+0100,261,240.511
07:46:56.840,1781160416.840,2026-06-11T07:46:56.840+0100,264,245.605
07:47:01.933,1781160421.933,2026-06-11T07:47:01.933+0100,271,250.699
07:47:07.027,1781160427.027,2026-06-11T07:47:07.027+0100,258,255.793
07:47:12.121,1781160432.121,2026-06-11T07:47:12.121+0100,262,260.887
07:47:17.215,1781160437.215,2026-06-11T07:47:17.215+0100,256,265.981
07:47:22.309,1781160442.309,2026-06-11T07:47:22.309+0100,256,271.075
07:50:12.955,1781160612.955,2026-06-11T07:50:12.955+0100,244,441.720
07:50:18.049,1781160618.049,2026-06-11T07:50:18.049+0100,257,446.814
07:50:23.143,1781160623.143,2026-06-11T07:50:23.143+0100,257,451.908
07:50:28.236,1781160628.236,2026-06-11T07:50:28.236+0100,256,457.002
07:50:33.330,1781160633.330,2026-06-11T07:50:33.330+0100,253,462.096
07:50:38.424,1781160638.424,2026-06-11T07:50:38.424+0100,245,467.190
07:50:43.518,1781160643.518,2026-06-11T07:50:43.518+0100,247,472.284
07:50:48.612,1781160648.612,2026-06-11T07:50:48.612+0100,252,477.377
07:50:53.705,1781160653.705,2026-06-11T07:50:53.705+0100,250,482.471
07:50:58.799,1781160658.799,2026-06-11T07:50:58.799+0100,252,487.565
07:51:03.893,1781160663.893,2026-06-11T07:51:03.893+0100,249,492.659
07:51:08.987,1781160668.987,2026-06-11T07:51:08.987+0100,246,497.753
07:51:14.081,1781160674.081,2026-06-11T07:51:14.081+0100,248,502.846
07:51:19.174,1781160679.174,2026-06-11T07:51:19.174+0100,255,507.940
07:51:24.268,1781160684.268,2026-06-11T07:51:24.268+0100,252,513.034
07:51:29.362,1781160689.362,2026-06-11T07:51:29.362+0100,252,518.128
07:51:34.456,1781160694.456,2026-06-11T07:51:34.456+0100,239,523.221
07:51:39.549,1781160699.549,2026-06-11T07:51:39.549+0100,280,528.315
07:51:44.643,1781160704.643,2026-06-11T07:51:44.643+0100,281,533.409
07:51:49.737,1781160709.737,2026-06-11T07:51:49.737+0100,286,538.503
07:51:54.831,1781160714.831,2026-06-11T07:51:54.831+0100,269,543.596
07:51:59.924,1781160719.924,2026-06-11T07:51:59.924+0100,275,548.690
07:52:05.018,1781160725.018,2026-06-11T07:52:05.018+0100,257,553.784
07:52:10.112,1781160730.112,2026-06-11T07:52:10.112+0100,248,558.877
07:52:15.205,1781160735.205,2026-06-11T07:52:15.205+0100,244,563.971
07:52:20.299,1781160740.299,2026-06-11T07:52:20.299+0100,248,569.065
07:52:25.393,1781160745.393,2026-06-11T07:52:25.393+0100,247,574.159
07:52:30.487,1781160750.487,2026-06-11T07:52:30.487+0100,250,579.252
07:52:35.580,1781160755.580,2026-06-11T07:52:35.580+0100,252,584.346
07:52:40.674,1781160760.674,2026-06-11T07:52:40.674+0100,265,589.440
07:52:45.768,1781160765.768,2026-06-11T07:52:45.768+0100,258,594.533
07:52:50.861,1781160770.861,2026-06-11T07:52:50.861+0100,261,599.627
07:52:55.955,1781160775.955,2026-06-11T07:52:55.955+0100,249,604.721
07:53:01.049,1781160781.049,2026-06-11T07:53:01.049+0100,273,609.814
07:53:06.142,1781160786.142,2026-06-11T07:53:06.142+0100,242,614.908
07:53:11.236,1781160791.236,2026-06-11T07:53:11.236+0100,251,620.002
07:53:16.330,1781160796.330,2026-06-11T07:53:16.330+0100,249,625.095
07:53:21.423,1781160801.423,2026-06-11T07:53:21.423+0100,247,630.189
07:53:26.517,1781160806.517,2026-06-11T07:53:26.517+0100,244,635.283
07:53:31.611,1781160811.611,2026-06-11T07:53:31.611+0100,255,640.376
07:53:36.704,1781160816.704,2026-06-11T07:53:36.704+0100,252,645.470
07:53:41.798,1781160821.798,2026-06-11T07:53:41.798+0100,246,650.563
07:53:46.891,1781160826.891,2026-06-11T07:53:46.891+0100,251,655.657
07:53:51.985,1781160831.985,2026-06-11T07:53:51.985+0100,251,660.751
07:53:57.079,1781160837.079,2026-06-11T07:53:57.079+0100,249,665.844
07:54:02.172,1781160842.172,2026-06-11T07:54:02.172+0100,249,670.938
07:54:07.266,1781160847.266,2026-06-11T07:54:07.266+0100,244,676.032
07:54:12.359,1781160852.359,2026-06-11T07:54:12.359+0100,251,681.125
07:54:17.453,1781160857.453,2026-06-11T07:54:17.453+0100,248,686.219
07:54:22.547,1781160862.547,2026-06-11T07:54:22.547+0100,252,691.312
07:54:27.640,1781160867.640,2026-06-11T07:54:27.640+0100,253,696.406
07:54:32.734,1781160872.734,2026-06-11T07:54:32.734+0100,248,701.500
07:54:37.827,1781160877.827,2026-06-11T07:54:37.827+0100,249,706.593
07:54:42.921,1781160882.921,2026-06-11T07:54:42.921+0100,249,711.687
07:54:48.015,1781160888.015,2026-06-11T07:54:48.015+0100,249,716.780
07:54:53.108,1781160893.108,2026-06-11T07:54:53.108+0100,249,721.874
07:55:03.295,1781160903.295,2026-06-11T07:55:03.295+0100,250,732.061
07:55:08.389,1781160908.389,2026-06-11T07:55:08.389+0100,254,737.155
07:55:13.482,1781160913.482,2026-06-11T07:55:13.482+0100,248,742.248
07:55:18.576,1781160918.576,2026-06-11T07:55:18.576+0100,247,747.342
07:55:23.670,1781160923.670,2026-06-11T07:55:23.670+0100,251,752.435
07:55:28.763,1781160928.763,2026-06-11T07:55:28.763+0100,246,757.529
07:55:33.857,1781160933.857,2026-06-11T07:55:33.857+0100,272,762.622
07:55:38.950,1781160938.950,2026-06-11T07:55:38.950+0100,252,767.716
07:55:44.044,1781160944.044,2026-06-11T07:55:44.044+0100,252,772.810
07:55:49.137,1781160949.137,2026-06-11T07:55:49.137+0100,252,777.903
07:55:54.231,1781160954.231,2026-06-11T07:55:54.231+0100,251,782.997
07:55:59.325,1781160959.325,2026-06-11T07:55:59.325+0100,257,788.090
07:56:04.418,1781160964.418,2026-06-11T07:56:04.418+0100,260,793.184
07:56:09.512,1781160969.512,2026-06-11T07:56:09.512+0100,259,798.277
07:56:14.605,1781160974.605,2026-06-11T07:56:14.605+0100,253,803.371
07:56:19.699,1781160979.699,2026-06-11T07:56:19.699+0100,255,808.465
07:56:24.792,1781160984.792,2026-06-11T07:56:24.792+0100,256,813.558
07:56:34.979,1781160994.979,2026-06-11T07:56:34.979+0100,248,823.745
07:56:40.073,1781161000.073,2026-06-11T07:56:40.073+0100,251,828.839
07:56:45.166,1781161005.166,2026-06-11T07:56:45.166+0100,261,833.932
07:56:50.260,1781161010.260,2026-06-11T07:56:50.260+0100,253,839.026
07:56:55.354,1781161015.354,2026-06-11T07:56:55.354+0100,256,844.119
07:57:00.447,1781161020.447,2026-06-11T07:57:00.447+0100,257,849.213
07:57:05.540,1781161025.540,2026-06-11T07:57:05.540+0100,256,854.306
07:57:10.634,1781161030.634,2026-06-11T07:57:10.634+0100,251,859.400
07:57:15.727,1781161035.727,2026-06-11T07:57:15.727+0100,259,864.493
07:57:20.821,1781161040.821,2026-06-11T07:57:20.821+0100,253,869.587
07:57:25.914,1781161045.914,2026-06-11T07:57:25.914+0100,248,874.680
07:57:31.008,1781161051.008,2026-06-11T07:57:31.008+0100,248,879.774
07:57:36.101,1781161056.101,2026-06-11T07:57:36.101+0100,254,884.867
07:57:41.195,1781161061.195,2026-06-11T07:57:41.195+0100,245,889.960
07:57:46.288,1781161066.288,2026-06-11T07:57:46.288+0100,248,895.054
07:57:51.382,1781161071.382,2026-06-11T07:57:51.382+0100,250,900.147
07:57:56.475,1781161076.475,2026-06-11T07:57:56.475+0100,254,905.241
07:58:01.569,1781161081.569,2026-06-11T07:58:01.569+0100,249,910.334
07:58:06.662,1781161086.662,2026-06-11T07:58:06.662+0100,274,915.428
07:58:11.755,1781161091.755,2026-06-11T07:58:11.755+0100,255,920.521
07:58:16.849,1781161096.849,2026-06-11T07:58:16.849+0100,250,925.614
07:58:21.942,1781161101.942,2026-06-11T07:58:21.942+0100,248,930.708
07:58:27.036,1781161107.036,2026-06-11T07:58:27.036+0100,250,935.801
07:58:32.129,1781161112.129,2026-06-11T07:58:32.129+0100,255,940.895
07:58:37.222,1781161117.222,2026-06-11T07:58:37.222+0100,248,945.988
07:58:42.316,1781161122.316,2026-06-11T07:58:42.316+0100,254,951.082
07:58:47.409,1781161127.409,2026-06-11T07:58:47.409+0100,257,956.175
07:58:52.503,1781161132.503,2026-06-11T07:58:52.503+0100,249,961.268
07:58:57.596,1781161137.596,2026-06-11T07:58:57.596+0100,257,966.362
07:59:02.689,1781161142.689,2026-06-11T07:59:02.689+0100,250,971.455
07:59:07.783,1781161147.783,2026-06-11T07:59:07.783+0100,252,976.548
07:59:12.876,1781161152.876,2026-06-11T07:59:12.876+0100,251,981.642
07:59:17.969,1781161157.969,2026-06-11T07:59:17.969+0100,251,986.735
07:59:23.063,1781161163.063,2026-06-11T07:59:23.063+0100,255,991.829
07:59:28.156,1781161168.156,2026-06-11T07:59:28.156+0100,251,996.922
07:59:33.250,1781161173.250,2026-06-11T07:59:33.250+0100,255,1002.015
07:59:38.343,1781161178.343,2026-06-11T07:59:38.343+0100,253,1007.109
07:59:43.436,1781161183.436,2026-06-11T07:59:43.436+0100,252,1012.202
07:59:48.530,1781161188.530,2026-06-11T07:59:48.530+0100,253,1017.295
07:59:53.623,1781161193.623,2026-06-11T07:59:53.623+0100,249,1022.389
07:59:58.716,1781161198.716,2026-06-11T07:59:58.716+0100,251,1027.482
08:00:03.810,1781161203.810,2026-06-11T08:00:03.810+0100,250,1032.575
08:00:08.903,1781161208.903,2026-06-11T08:00:08.903+0100,252,1037.669
08:00:13.996,1781161213.996,2026-06-11T08:00:13.996+0100,255,1042.762
08:00:19.090,1781161219.090,2026-06-11T08:00:19.090+0100,257,1047.855
08:00:24.183,1781161224.183,2026-06-11T08:00:24.183+0100,256,1052.949
08:00:29.276,1781161229.276,2026-06-11T08:00:29.276+0100,252,1058.042
08:00:34.369,1781161234.369,2026-06-11T08:00:34.369+0100,257,1063.135
08:00:39.463,1781161239.463,2026-06-11T08:00:39.463+0100,260,1068.229
08:00:44.556,1781161244.556,2026-06-11T08:00:44.556+0100,255,1073.322
08:00:49.649,1781161249.649,2026-06-11T08:00:49.649+0100,250,1078.415
08:00:54.743,1781161254.743,2026-06-11T08:00:54.743+0100,246,1083.508
08:00:59.836,1781161259.836,2026-06-11T08:00:59.836+0100,254,1088.602
08:01:04.929,1781161264.929,2026-06-11T08:01:04.929+0100,242,1093.695
08:01:10.023,1781161270.023,2026-06-11T08:01:10.023+0100,239,1098.788
08:01:15.116,1781161275.116,2026-06-11T08:01:15.116+0100,239,1103.882
08:01:20.209,1781161280.209,2026-06-11T08:01:20.209+0100,249,1108.975
08:01:25.303,1781161285.303,2026-06-11T08:01:25.303+0100,253,1114.068
08:01:30.396,1781161290.396,2026-06-11T08:01:30.396+0100,251,1119.161
08:01:35.489,1781161295.489,2026-06-11T08:01:35.489+0100,251,1124.255
08:01:40.582,1781161300.582,2026-06-11T08:01:40.582+0100,254,1129.348
08:01:45.676,1781161305.676,2026-06-11T08:01:45.676+0100,252,1134.441
08:01:50.769,1781161310.769,2026-06-11T08:01:50.769+0100,262,1139.535
08:01:55.862,1781161315.862,2026-06-11T08:01:55.862+0100,253,1144.628
08:02:00.955,1781161320.955,2026-06-11T08:02:00.955+0100,252,1149.721
08:02:06.049,1781161326.049,2026-06-11T08:02:06.049+0100,251,1154.814
08:03:58.102,1781161438.102,2026-06-11T08:03:58.102+0100,268,1266.868
08:04:03.196,1781161443.196,2026-06-11T08:04:03.196+0100,260,1271.962
08:04:08.289,1781161448.289,2026-06-11T08:04:08.289+0100,259,1277.055
08:04:13.383,1781161453.383,2026-06-11T08:04:13.383+0100,261,1282.148
08:04:18.476,1781161458.476,2026-06-11T08:04:18.476+0100,271,1287.242
08:04:23.570,1781161463.570,2026-06-11T08:04:23.570+0100,259,1292.335
08:04:28.663,1781161468.663,2026-06-11T08:04:28.663+0100,260,1297.429
08:04:33.756,1781161473.756,2026-06-11T08:04:33.756+0100,259,1302.522
08:04:38.850,1781161478.850,2026-06-11T08:04:38.850+0100,271,1307.615
08:04:43.943,1781161483.943,2026-06-11T08:04:43.943+0100,279,1312.709
08:04:49.037,1781161489.037,2026-06-11T08:04:49.037+0100,279,1317.802
08:04:54.130,1781161494.130,2026-06-11T08:04:54.130+0100,266,1322.896
08:04:59.223,1781161499.223,2026-06-11T08:04:59.223+0100,266,1327.989
08:05:09.410,1781161509.410,2026-06-11T08:05:09.410+0100,281,1338.176
08:05:14.504,1781161514.504,2026-06-11T08:05:14.504+0100,250,1343.269
08:05:19.597,1781161519.597,2026-06-11T08:05:19.597+0100,251,1348.363
08:05:24.690,1781161524.690,2026-06-11T08:05:24.690+0100,266,1353.456
08:05:29.784,1781161529.784,2026-06-11T08:05:29.784+0100,267,1358.549
08:05:34.877,1781161534.877,2026-06-11T08:05:34.877+0100,268,1363.643
08:05:39.970,1781161539.970,2026-06-11T08:05:39.970+0100,262,1368.736
08:05:45.064,1781161545.064,2026-06-11T08:05:45.064+0100,252,1373.830
08:05:50.157,1781161550.157,2026-06-11T08:05:50.157+0100,251,1378.923
08:05:55.251,1781161555.251,2026-06-11T08:05:55.251+0100,276,1384.016
08:06:00.344,1781161560.344,2026-06-11T08:06:00.344+0100,298,1389.110
08:06:05.437,1781161565.437,2026-06-11T08:06:05.437+0100,239,1394.203
08:06:10.531,1781161570.531,2026-06-11T08:06:10.531+0100,239,1399.296
08:06:15.624,1781161575.624,2026-06-11T08:06:15.624+0100,241,1404.390
08:06:20.717,1781161580.717,2026-06-11T08:06:20.717+0100,234,1409.483
08:06:25.811,1781161585.811,2026-06-11T08:06:25.811+0100,235,1414.576
08:06:30.904,1781161590.904,2026-06-11T08:06:30.904+0100,239,1419.670
08:06:35.997,1781161595.997,2026-06-11T08:06:35.997+0100,235,1424.763
08:06:41.090,1781161601.090,2026-06-11T08:06:41.090+0100,238,1429.856
08:06:46.184,1781161606.184,2026-06-11T08:06:46.184+0100,239,1434.949
08:06:51.277,1781161611.277,2026-06-11T08:06:51.277+0100,239,1440.043
08:06:56.370,1781161616.370,2026-06-11T08:06:56.370+0100,237,1445.136
08:07:01.464,1781161621.464,2026-06-11T08:07:01.464+0100,238,1450.229
08:07:06.557,1781161626.557,2026-06-11T08:07:06.557+0100,235,1455.323
08:07:11.650,1781161631.650,2026-06-11T08:07:11.650+0100,230,1460.416
08:07:16.743,1781161636.743,2026-06-11T08:07:16.743+0100,233,1465.509
08:07:21.837,1781161641.837,2026-06-11T08:07:21.837+0100,233,1470.602
08:07:26.930,1781161646.930,2026-06-11T08:07:26.930+0100,231,1475.696
08:07:32.023,1781161652.023,2026-06-11T08:07:32.023+0100,234,1480.789
08:07:37.116,1781161657.116,2026-06-11T08:07:37.116+0100,239,1485.882
08:07:42.210,1781161662.210,2026-06-11T08:07:42.210+0100,234,1490.975
08:07:47.303,1781161667.303,2026-06-11T08:07:47.303+0100,228,1496.069
08:07:52.396,1781161672.396,2026-06-11T08:07:52.396+0100,233,1501.162
08:07:57.489,1781161677.489,2026-06-11T08:07:57.489+0100,236,1506.255
08:08:02.583,1781161682.583,2026-06-11T08:08:02.583+0100,235,1511.348
08:08:07.676,1781161687.676,2026-06-11T08:08:07.676+0100,230,1516.441
08:08:12.769,1781161692.769,2026-06-11T08:08:12.769+0100,233,1521.535
08:08:17.862,1781161697.862,2026-06-11T08:08:17.862+0100,233,1526.628
08:08:28.049,1781161708.049,2026-06-11T08:08:28.049+0100,236,1536.814
08:08:33.142,1781161713.142,2026-06-11T08:08:33.142+0100,234,1541.907
08:08:38.235,1781161718.235,2026-06-11T08:08:38.235+0100,233,1547.001
08:08:43.328,1781161723.328,2026-06-11T08:08:43.328+0100,234,1552.094
08:08:48.421,1781161728.421,2026-06-11T08:08:48.421+0100,234,1557.187
08:08:53.514,1781161733.514,2026-06-11T08:08:53.514+0100,234,1562.280
08:08:58.608,1781161738.608,2026-06-11T08:08:58.608+0100,234,1567.373
08:09:08.794,1781161748.794,2026-06-11T08:09:08.794+0100,254,1577.560
08:09:13.887,1781161753.887,2026-06-11T08:09:13.887+0100,259,1582.653
08:09:18.980,1781161758.980,2026-06-11T08:09:18.980+0100,258,1587.746
08:09:24.074,1781161764.074,2026-06-11T08:09:24.074+0100,274,1592.839
08:09:29.167,1781161769.167,2026-06-11T08:09:29.167+0100,285,1597.932
08:09:34.260,1781161774.260,2026-06-11T08:09:34.260+0100,250,1603.026
08:09:39.353,1781161779.353,2026-06-11T08:09:39.353+0100,252,1608.119
08:09:44.446,1781161784.446,2026-06-11T08:09:44.446+0100,260,1613.212
08:09:49.539,1781161789.539,2026-06-11T08:09:49.539+0100,256,1618.305
08:09:54.633,1781161794.633,2026-06-11T08:09:54.633+0100,258,1623.398
08:09:59.726,1781161799.726,2026-06-11T08:09:59.726+0100,261,1628.492
08:10:04.819,1781161804.819,2026-06-11T08:10:04.819+0100,258,1633.585
08:10:09.912,1781161809.912,2026-06-11T08:10:09.912+0100,254,1638.678
08:10:15.005,1781161815.005,2026-06-11T08:10:15.005+0100,253,1643.771
08:10:20.099,1781161820.099,2026-06-11T08:10:20.099+0100,253,1648.864
08:10:25.192,1781161825.192,2026-06-11T08:10:25.192+0100,261,1653.957
08:10:35.378,1781161835.378,2026-06-11T08:10:35.378+0100,257,1664.144
08:10:40.471,1781161840.471,2026-06-11T08:10:40.471+0100,257,1669.237
08:10:45.564,1781161845.564,2026-06-11T08:10:45.564+0100,257,1674.330
08:10:50.658,1781161850.658,2026-06-11T08:10:50.658+0100,257,1679.423
08:10:55.751,1781161855.751,2026-06-11T08:10:55.751+0100,253,1684.516
08:11:00.844,1781161860.844,2026-06-11T08:11:00.844+0100,259,1689.610
08:11:05.937,1781161865.937,2026-06-11T08:11:05.937+0100,256,1694.703
08:11:16.123,1781161876.123,2026-06-11T08:11:16.123+0100,257,1704.889
08:11:21.216,1781161881.216,2026-06-11T08:11:21.216+0100,257,1709.982
08:11:26.310,1781161886.310,2026-06-11T08:11:26.310+0100,257,1715.075
08:11:31.403,1781161891.403,2026-06-11T08:11:31.403+0100,247,1720.168
08:11:36.496,1781161896.496,2026-06-11T08:11:36.496+0100,238,1725.262
08:11:41.589,1781161901.589,2026-06-11T08:11:41.589+0100,242,1730.355
08:11:46.682,1781161906.682,2026-06-11T08:11:46.682+0100,241,1735.448
08:11:51.775,1781161911.775,2026-06-11T08:11:51.775+0100,233,1740.541
08:11:56.868,1781161916.868,2026-06-11T08:11:56.868+0100,236,1745.634
08:12:01.961,1781161921.961,2026-06-11T08:12:01.961+0100,231,1750.727
08:12:07.054,1781161927.054,2026-06-11T08:12:07.054+0100,230,1755.820
08:12:12.148,1781161932.148,2026-06-11T08:12:12.148+0100,232,1760.913
08:12:17.241,1781161937.241,2026-06-11T08:12:17.241+0100,231,1766.006
08:12:22.334,1781161942.334,2026-06-11T08:12:22.334+0100,232,1771.099
08:12:27.427,1781161947.427,2026-06-11T08:12:27.427+0100,233,1776.193
08:12:32.520,1781161952.520,2026-06-11T08:12:32.520+0100,232,1781.286
08:12:37.613,1781161957.613,2026-06-11T08:12:37.613+0100,232,1786.379
08:12:42.706,1781161962.706,2026-06-11T08:12:42.706+0100,228,1791.472
08:12:47.799,1781161967.799,2026-06-11T08:12:47.799+0100,231,1796.565
08:12:52.892,1781161972.892,2026-06-11T08:12:52.892+0100,229,1801.658
08:12:57.985,1781161977.985,2026-06-11T08:12:57.985+0100,230,1806.751
08:13:03.078,1781161983.078,2026-06-11T08:13:03.078+0100,226,1811.844
08:13:08.171,1781161988.171,2026-06-11T08:13:08.171+0100,232,1816.937
08:13:13.264,1781161993.264,2026-06-11T08:13:13.264+0100,227,1822.030
08:13:18.358,1781161998.358,2026-06-11T08:13:18.358+0100,224,1827.123
08:13:23.451,1781162003.451,2026-06-11T08:13:23.451+0100,232,1832.216
08:13:28.544,1781162008.544,2026-06-11T08:13:28.544+0100,230,1837.309
08:13:33.637,1781162013.637,2026-06-11T08:13:33.637+0100,228,1842.402
08:13:38.730,1781162018.730,2026-06-11T08:13:38.730+0100,230,1847.495
08:13:43.823,1781162023.823,2026-06-11T08:13:43.823+0100,232,1852.588
08:13:48.916,1781162028.916,2026-06-11T08:13:48.916+0100,229,1857.681
08:13:54.009,1781162034.009,2026-06-11T08:13:54.009+0100,224,1862.774
08:13:59.102,1781162039.102,2026-06-11T08:13:59.102+0100,229,1867.867
08:14:04.195,1781162044.195,2026-06-11T08:14:04.195+0100,230,1872.961
08:14:09.288,1781162049.288,2026-06-11T08:14:09.288+0100,229,1878.054
08:14:14.381,1781162054.381,2026-06-11T08:14:14.381+0100,223,1883.147
08:14:19.474,1781162059.474,2026-06-11T08:14:19.474+0100,227,1888.240
08:14:24.567,1781162064.567,2026-06-11T08:14:24.567+0100,228,1893.333
08:14:29.660,1781162069.660,2026-06-11T08:14:29.660+0100,228,1898.426
08:14:39.846,1781162079.846,2026-06-11T08:14:39.846+0100,258,1908.612
08:14:44.939,1781162084.939,2026-06-11T08:14:44.939+0100,255,1913.705
08:14:50.032,1781162090.032,2026-06-11T08:14:50.032+0100,255,1918.798
08:14:55.125,1781162095.125,2026-06-11T08:14:55.125+0100,256,1923.891
08:15:00.218,1781162100.218,2026-06-11T08:15:00.218+0100,260,1928.984
08:15:05.311,1781162105.311,2026-06-11T08:15:05.311+0100,267,1934.077
08:15:10.404,1781162110.404,2026-06-11T08:15:10.404+0100,265,1939.170
08:15:15.497,1781162115.497,2026-06-11T08:15:15.497+0100,259,1944.263
08:15:20.590,1781162120.590,2026-06-11T08:15:20.590+0100,248,1949.356
08:15:25.683,1781162125.683,2026-06-11T08:15:25.683+0100,246,1954.449
08:15:30.776,1781162130.776,2026-06-11T08:15:30.776+0100,243,1959.542
08:15:35.869,1781162135.869,2026-06-11T08:15:35.869+0100,247,1964.635
08:15:40.962,1781162140.962,2026-06-11T08:15:40.962+0100,244,1969.728
08:15:46.055,1781162146.055,2026-06-11T08:15:46.055+0100,246,1974.821
08:15:51.148,1781162151.148,2026-06-11T08:15:51.148+0100,248,1979.914
08:15:56.241,1781162156.241,2026-06-11T08:15:56.241+0100,251,1985.007
08:16:01.334,1781162161.334,2026-06-11T08:16:01.334+0100,250,1990.100
08:16:06.427,1781162166.427,2026-06-11T08:16:06.427+0100,248,1995.193
08:16:11.520,1781162171.520,2026-06-11T08:16:11.520+0100,237,2000.286
08:16:16.613,1781162176.613,2026-06-11T08:16:16.613+0100,237,2005.379
08:16:21.706,1781162181.706,2026-06-11T08:16:21.706+0100,245,2010.472
08:16:26.799,1781162186.799,2026-06-11T08:16:26.799+0100,245,2015.565
08:16:36.985,1781162196.985,2026-06-11T08:16:36.985+0100,245,2025.751
08:16:42.078,1781162202.078,2026-06-11T08:16:42.078+0100,245,2030.844
08:16:47.171,1781162207.171,2026-06-11T08:16:47.171+0100,245,2035.937
08:16:52.264,1781162212.264,2026-06-11T08:16:52.264+0100,245,2041.030
08:16:57.357,1781162217.357,2026-06-11T08:16:57.357+0100,244,2046.123
08:17:07.543,1781162227.543,2026-06-11T08:17:07.543+0100,228,2056.309
08:17:12.636,1781162232.636,2026-06-11T08:17:12.636+0100,227,2061.402
08:17:17.729,1781162237.729,2026-06-11T08:17:17.729+0100,225,2066.495
08:17:22.822,1781162242.822,2026-06-11T08:17:22.822+0100,222,2071.588
08:17:27.915,1781162247.915,2026-06-11T08:17:27.915+0100,222,2076.681
08:17:33.008,1781162253.008,2026-06-11T08:17:33.008+0100,221,2081.774
08:17:38.101,1781162258.101,2026-06-11T08:17:38.101+0100,224,2086.867
08:17:43.194,1781162263.194,2026-06-11T08:17:43.194+0100,221,2091.960
08:17:48.287,1781162268.287,2026-06-11T08:17:48.287+0100,218,2097.053
08:17:53.380,1781162273.380,2026-06-11T08:17:53.380+0100,222,2102.146
08:17:58.473,1781162278.473,2026-06-11T08:17:58.473+0100,220,2107.238
08:18:03.566,1781162283.566,2026-06-11T08:18:03.566+0100,220,2112.331
08:18:08.659,1781162288.659,2026-06-11T08:18:08.659+0100,224,2117.424
08:18:13.752,1781162293.752,2026-06-11T08:18:13.752+0100,223,2122.517
08:18:18.845,1781162298.845,2026-06-11T08:18:18.845+0100,222,2127.610
08:18:23.938,1781162303.938,2026-06-11T08:18:23.938+0100,223,2132.703
08:18:29.031,1781162309.031,2026-06-11T08:18:29.031+0100,221,2137.796
08:18:34.124,1781162314.124,2026-06-11T08:18:34.124+0100,221,2142.889
08:18:39.217,1781162319.217,2026-06-11T08:18:39.217+0100,222,2147.982
08:18:44.310,1781162324.310,2026-06-11T08:18:44.310+0100,220,2153.075
08:18:49.402,1781162329.402,2026-06-11T08:18:49.402+0100,223,2158.168
08:18:54.495,1781162334.495,2026-06-11T08:18:54.495+0100,220,2163.261
08:18:59.588,1781162339.588,2026-06-11T08:18:59.588+0100,225,2168.354
08:19:04.681,1781162344.681,2026-06-11T08:19:04.681+0100,223,2173.447
08:19:09.774,1781162349.774,2026-06-11T08:19:09.774+0100,222,2178.540
08:19:14.867,1781162354.867,2026-06-11T08:19:14.867+0100,222,2183.633
08:19:19.960,1781162359.960,2026-06-11T08:19:19.960+0100,222,2188.726
08:19:25.053,1781162365.053,2026-06-11T08:19:25.053+0100,222,2193.819
08:19:30.146,1781162370.146,2026-06-11T08:19:30.146+0100,222,2198.912
08:19:35.239,1781162375.239,2026-06-11T08:19:35.239+0100,220,2204.005
08:19:40.332,1781162380.332,2026-06-11T08:19:40.332+0100,222,2209.098
08:19:45.425,1781162385.425,2026-06-11T08:19:45.425+0100,221,2214.191
08:19:50.518,1781162390.518,2026-06-11T08:19:50.518+0100,221,2219.284
08:20:00.704,1781162400.704,2026-06-11T08:20:00.704+0100,222,2229.470
08:20:05.797,1781162405.797,2026-06-11T08:20:05.797+0100,222,2234.563
08:20:10.890,1781162410.890,2026-06-11T08:20:10.890+0100,261,2239.656
08:20:15.983,1781162415.983,2026-06-11T08:20:15.983+0100,254,2244.749
08:20:21.076,1781162421.076,2026-06-11T08:20:21.076+0100,259,2249.842
08:20:26.169,1781162426.169,2026-06-11T08:20:26.169+0100,247,2254.935
08:20:31.262,1781162431.262,2026-06-11T08:20:31.262+0100,251,2260.028
08:20:36.355,1781162436.355,2026-06-11T08:20:36.355+0100,251,2265.121
08:20:41.448,1781162441.448,2026-06-11T08:20:41.448+0100,255,2270.214
08:20:46.541,1781162446.541,2026-06-11T08:20:46.541+0100,248,2275.307
08:20:51.634,1781162451.634,2026-06-11T08:20:51.634+0100,255,2280.400
08:20:56.727,1781162456.727,2026-06-11T08:20:56.727+0100,255,2285.493
08:21:01.820,1781162461.820,2026-06-11T08:21:01.820+0100,246,2290.586
08:21:06.913,1781162466.913,2026-06-11T08:21:06.913+0100,252,2295.679
08:21:12.006,1781162472.006,2026-06-11T08:21:12.006+0100,252,2300.772
08:21:17.099,1781162477.099,2026-06-11T08:21:17.099+0100,251,2305.865
08:21:22.192,1781162482.192,2026-06-11T08:21:22.192+0100,248,2310.958
08:21:32.378,1781162492.378,2026-06-11T08:21:32.378+0100,270,2321.144
08:21:37.471,1781162497.471,2026-06-11T08:21:37.471+0100,253,2326.237
08:21:42.564,1781162502.564,2026-06-11T08:21:42.564+0100,253,2331.330
08:21:47.657,1781162507.657,2026-06-11T08:21:47.657+0100,254,2336.423
08:21:52.750,1781162512.750,2026-06-11T08:21:52.750+0100,263,2341.516
08:21:57.843,1781162517.843,2026-06-11T08:21:57.843+0100,254,2346.609
08:22:02.936,1781162522.936,2026-06-11T08:22:02.936+0100,255,2351.702
08:22:08.029,1781162528.029,2026-06-11T08:22:08.029+0100,249,2356.795
08:22:18.215,1781162538.215,2026-06-11T08:22:18.215+0100,255,2366.981
08:22:23.308,1781162543.308,2026-06-11T08:22:23.308+0100,255,2372.074
08:22:28.401,1781162548.401,2026-06-11T08:22:28.401+0100,230,2377.167
08:22:33.494,1781162553.494,2026-06-11T08:22:33.494+0100,226,2382.260
08:22:38.587,1781162558.587,2026-06-11T08:22:38.587+0100,234,2387.353
08:22:43.680,1781162563.680,2026-06-11T08:22:43.680+0100,227,2392.446
08:22:48.773,1781162568.773,2026-06-11T08:22:48.773+0100,220,2397.539
08:22:53.866,1781162573.866,2026-06-11T08:22:53.866+0100,224,2402.632
08:22:58.959,1781162578.959,2026-06-11T08:22:58.959+0100,222,2407.725
08:23:04.052,1781162584.052,2026-06-11T08:23:04.052+0100,227,2412.818
08:23:09.145,1781162589.145,2026-06-11T08:23:09.145+0100,219,2417.911
08:23:14.238,1781162594.238,2026-06-11T08:23:14.238+0100,222,2423.004
08:23:19.331,1781162599.331,2026-06-11T08:23:19.331+0100,221,2428.097
08:23:24.424,1781162604.424,2026-06-11T08:23:24.424+0100,220,2433.190
08:23:29.517,1781162609.517,2026-06-11T08:23:29.517+0100,221,2438.283
08:23:34.610,1781162614.610,2026-06-11T08:23:34.610+0100,218,2443.376
08:23:39.703,1781162619.703,2026-06-11T08:23:39.703+0100,215,2448.469
08:23:44.796,1781162624.796,2026-06-11T08:23:44.796+0100,219,2453.562
08:23:49.889,1781162629.889,2026-06-11T08:23:49.889+0100,221,2458.655
08:23:54.982,1781162634.982,2026-06-11T08:23:54.982+0100,216,2463.748
08:24:00.075,1781162640.075,2026-06-11T08:24:00.075+0100,215,2468.841
08:24:05.168,1781162645.168,2026-06-11T08:24:05.168+0100,213,2473.934
08:24:10.261,1781162650.261,2026-06-11T08:24:10.261+0100,222,2479.027
08:24:15.354,1781162655.354,2026-06-11T08:24:15.354+0100,223,2484.120
08:24:20.447,1781162660.447,2026-06-11T08:24:20.447+0100,223,2489.213
08:24:25.540,1781162665.540,2026-06-11T08:24:25.540+0100,222,2494.306
08:24:30.633,1781162670.633,2026-06-11T08:24:30.633+0100,219,2499.399
08:24:35.726,1781162675.726,2026-06-11T08:24:35.726+0100,219,2504.492
08:24:40.820,1781162680.820,2026-06-11T08:24:40.820+0100,219,2509.585
08:24:45.913,1781162685.913,2026-06-11T08:24:45.913+0100,217,2514.678
08:24:51.006,1781162691.006,2026-06-11T08:24:51.006+0100,218,2519.771
08:24:56.099,1781162696.099,2026-06-11T08:24:56.099+0100,220,2524.864
08:25:01.192,1781162701.192,2026-06-11T08:25:01.192+0100,218,2529.957
08:25:11.378,1781162711.378,2026-06-11T08:25:11.378+0100,219,2540.143
08:25:16.471,1781162716.471,2026-06-11T08:25:16.471+0100,219,2545.236
08:25:21.564,1781162721.564,2026-06-11T08:25:21.564+0100,276,2550.329
08:25:26.657,1781162726.657,2026-06-11T08:25:26.657+0100,263,2555.422
08:25:31.750,1781162731.750,2026-06-11T08:25:31.750+0100,263,2560.515
08:25:36.843,1781162736.843,2026-06-11T08:25:36.843+0100,256,2565.608
08:25:41.936,1781162741.936,2026-06-11T08:25:41.936+0100,260,2570.701
08:25:47.029,1781162747.029,2026-06-11T08:25:47.029+0100,252,2575.794
08:25:52.122,1781162752.122,2026-06-11T08:25:52.122+0100,257,2580.887
08:25:57.215,1781162757.215,2026-06-11T08:25:57.215+0100,254,2585.980
08:26:02.308,1781162762.308,2026-06-11T08:26:02.308+0100,255,2591.073
08:26:07.401,1781162767.401,2026-06-11T08:26:07.401+0100,253,2596.166
08:26:12.494,1781162772.494,2026-06-11T08:26:12.494+0100,259,2601.259
08:26:17.587,1781162777.587,2026-06-11T08:26:17.587+0100,257,2606.352
08:26:22.680,1781162782.680,2026-06-11T08:26:22.680+0100,257,2611.445
08:26:27.773,1781162787.773,2026-06-11T08:26:27.773+0100,265,2616.538
08:26:32.866,1781162792.866,2026-06-11T08:26:32.866+0100,259,2621.631
08:26:37.959,1781162797.959,2026-06-11T08:26:37.959+0100,252,2626.724
08:26:43.052,1781162803.052,2026-06-11T08:26:43.052+0100,247,2631.817
08:26:48.145,1781162808.145,2026-06-11T08:26:48.145+0100,250,2636.910
08:26:58.331,1781162818.331,2026-06-11T08:26:58.331+0100,255,2647.096
08:27:03.424,1781162823.424,2026-06-11T08:27:03.424+0100,255,2652.189
08:27:08.517,1781162828.517,2026-06-11T08:27:08.517+0100,254,2657.282
08:27:13.610,1781162833.610,2026-06-11T08:27:13.610+0100,255,2662.375
08:27:18.703,1781162838.703,2026-06-11T08:27:18.703+0100,255,2667.468
08:27:23.796,1781162843.796,2026-06-11T08:27:23.796+0100,258,2672.561
08:27:28.889,1781162848.889,2026-06-11T08:27:28.889+0100,254,2677.654
08:27:39.075,1781162859.075,2026-06-11T08:27:39.075+0100,254,2687.840
08:27:44.168,1781162864.168,2026-06-11T08:27:44.168+0100,238,2692.933
08:27:49.261,1781162869.261,2026-06-11T08:27:49.261+0100,232,2698.026
08:27:54.354,1781162874.354,2026-06-11T08:27:54.354+0100,224,2703.119
08:27:59.447,1781162879.447,2026-06-11T08:27:59.447+0100,226,2708.212
08:28:04.540,1781162884.540,2026-06-11T08:28:04.540+0100,222,2713.305
08:28:09.633,1781162889.633,2026-06-11T08:28:09.633+0100,221,2718.398
08:28:14.726,1781162894.726,2026-06-11T08:28:14.726+0100,224,2723.491
08:28:19.819,1781162899.819,2026-06-11T08:28:19.819+0100,222,2728.584
08:28:24.912,1781162904.912,2026-06-11T08:28:24.912+0100,222,2733.677
08:28:30.005,1781162910.005,2026-06-11T08:28:30.005+0100,221,2738.770
08:28:35.098,1781162915.098,2026-06-11T08:28:35.098+0100,223,2743.863
08:28:40.191,1781162920.191,2026-06-11T08:28:40.191+0100,219,2748.956
08:28:45.284,1781162925.284,2026-06-11T08:28:45.284+0100,218,2754.049
08:28:50.376,1781162930.376,2026-06-11T08:28:50.376+0100,220,2759.142
08:28:55.469,1781162935.469,2026-06-11T08:28:55.469+0100,223,2764.235
08:29:00.562,1781162940.562,2026-06-11T08:29:00.562+0100,221,2769.328
08:29:05.655,1781162945.655,2026-06-11T08:29:05.655+0100,221,2774.421
08:29:10.748,1781162950.748,2026-06-11T08:29:10.748+0100,221,2779.514
08:29:15.841,1781162955.841,2026-06-11T08:29:15.841+0100,226,2784.607
08:29:20.934,1781162960.934,2026-06-11T08:29:20.934+0100,217,2789.700
08:29:26.027,1781162966.027,2026-06-11T08:29:26.027+0100,220,2794.793
08:29:31.120,1781162971.120,2026-06-11T08:29:31.120+0100,217,2799.886
08:29:36.213,1781162976.213,2026-06-11T08:29:36.213+0100,220,2804.979
08:29:46.399,1781162986.399,2026-06-11T08:29:46.399+0100,221,2815.165
08:29:51.492,1781162991.492,2026-06-11T08:29:51.492+0100,222,2820.258
08:29:56.585,1781162996.585,2026-06-11T08:29:56.585+0100,220,2825.351
08:30:01.678,1781163001.678,2026-06-11T08:30:01.678+0100,218,2830.444
08:30:06.771,1781163006.771,2026-06-11T08:30:06.771+0100,219,2835.537
08:30:11.864,1781163011.864,2026-06-11T08:30:11.864+0100,216,2840.630
08:30:16.957,1781163016.957,2026-06-11T08:30:16.957+0100,220,2845.723
08:30:22.050,1781163022.050,2026-06-11T08:30:22.050+0100,223,2850.816
08:30:27.143,1781163027.143,2026-06-11T08:30:27.143+0100,220,2855.909
08:30:32.236,1781163032.236,2026-06-11T08:30:32.236+0100,220,2861.001
08:30:37.329,1781163037.329,2026-06-11T08:30:37.329+0100,220,2866.094
08:30:42.422,1781163042.422,2026-06-11T08:30:42.422+0100,234,2871.187
08:30:47.515,1781163047.515,2026-06-11T08:30:47.515+0100,266,2876.280
08:30:52.608,1781163052.608,2026-06-11T08:30:52.608+0100,266,2881.373
08:30:57.701,1781163057.701,2026-06-11T08:30:57.701+0100,268,2886.466
08:31:02.794,1781163062.794,2026-06-11T08:31:02.794+0100,273,2891.559
08:31:07.887,1781163067.887,2026-06-11T08:31:07.887+0100,273,2896.652
08:31:12.979,1781163072.979,2026-06-11T08:31:12.979+0100,282,2901.745
08:31:23.165,1781163083.165,2026-06-11T08:31:23.165+0100,270,2911.931
08:31:28.258,1781163088.258,2026-06-11T08:31:28.258+0100,263,2917.024
08:31:33.351,1781163093.351,2026-06-11T08:31:33.351+0100,262,2922.117
08:31:38.444,1781163098.444,2026-06-11T08:31:38.444+0100,266,2927.210
08:31:43.537,1781163103.537,2026-06-11T08:31:43.537+0100,269,2932.303
08:31:48.630,1781163108.630,2026-06-11T08:31:48.630+0100,269,2937.396
08:31:53.723,1781163113.723,2026-06-11T08:31:53.723+0100,270,2942.489
08:32:03.909,1781163123.909,2026-06-11T08:32:03.909+0100,264,2952.675
08:32:09.002,1781163129.002,2026-06-11T08:32:09.002+0100,256,2957.768
08:32:14.095,1781163134.095,2026-06-11T08:32:14.095+0100,256,2962.861
08:32:19.188,1781163139.188,2026-06-11T08:32:19.188+0100,265,2967.954
08:32:24.281,1781163144.281,2026-06-11T08:32:24.281+0100,264,2973.047
08:32:29.374,1781163149.374,2026-06-11T08:32:29.374+0100,264,2978.140
08:32:34.467,1781163154.467,2026-06-11T08:32:34.467+0100,259,2983.233
08:32:39.560,1781163159.560,2026-06-11T08:32:39.560+0100,262,2988.326
08:32:44.653,1781163164.653,2026-06-11T08:32:44.653+0100,263,2993.419
08:32:49.746,1781163169.746,2026-06-11T08:32:49.746+0100,262,2998.512
08:32:59.932,1781163179.932,2026-06-11T08:32:59.932+0100,261,3008.698
08:33:05.025,1781163185.025,2026-06-11T08:33:05.025+0100,261,3013.791
08:33:10.118,1781163190.118,2026-06-11T08:33:10.118+0100,262,3018.884
08:33:15.211,1781163195.211,2026-06-11T08:33:15.211+0100,231,3023.977
08:33:20.304,1781163200.304,2026-06-11T08:33:20.304+0100,225,3029.070
08:33:25.397,1781163205.397,2026-06-11T08:33:25.397+0100,224,3034.163
08:33:30.490,1781163210.490,2026-06-11T08:33:30.490+0100,228,3039.256
08:33:35.583,1781163215.583,2026-06-11T08:33:35.583+0100,217,3044.349
08:33:40.676,1781163220.676,2026-06-11T08:33:40.676+0100,221,3049.442
08:33:45.769,1781163225.769,2026-06-11T08:33:45.769+0100,218,3054.535
08:33:50.862,1781163230.862,2026-06-11T08:33:50.862+0100,217,3059.628
08:33:55.955,1781163235.955,2026-06-11T08:33:55.955+0100,222,3064.721
08:34:01.048,1781163241.048,2026-06-11T08:34:01.048+0100,218,3069.814
08:34:06.141,1781163246.141,2026-06-11T08:34:06.141+0100,219,3074.907
08:34:11.234,1781163251.234,2026-06-11T08:34:11.234+0100,216,3080.000
08:34:16.327,1781163256.327,2026-06-11T08:34:16.327+0100,214,3085.093
08:34:21.420,1781163261.420,2026-06-11T08:34:21.420+0100,215,3090.186
08:34:26.514,1781163266.514,2026-06-11T08:34:26.514+0100,224,3095.279
08:34:31.607,1781163271.607,2026-06-11T08:34:31.607+0100,219,3100.372
08:34:36.700,1781163276.700,2026-06-11T08:34:36.700+0100,219,3105.465
08:34:41.793,1781163281.793,2026-06-11T08:34:41.793+0100,214,3110.558
08:34:46.886,1781163286.886,2026-06-11T08:34:46.886+0100,215,3115.651
08:34:51.979,1781163291.979,2026-06-11T08:34:51.979+0100,214,3120.744
08:34:57.072,1781163297.072,2026-06-11T08:34:57.072+0100,213,3125.837
08:35:02.165,1781163302.165,2026-06-11T08:35:02.165+0100,216,3130.930
08:35:07.258,1781163307.258,2026-06-11T08:35:07.258+0100,216,3136.023
08:35:17.444,1781163317.444,2026-06-11T08:35:17.444+0100,215,3146.209
08:35:22.537,1781163322.537,2026-06-11T08:35:22.537+0100,217,3151.302
08:35:27.630,1781163327.630,2026-06-11T08:35:27.630+0100,223,3156.395
08:35:32.723,1781163332.723,2026-06-11T08:35:32.723+0100,238,3161.488
08:35:37.816,1781163337.816,2026-06-11T08:35:37.816+0100,221,3166.581
08:35:42.909,1781163342.909,2026-06-11T08:35:42.909+0100,218,3171.674
08:35:48.002,1781163348.002,2026-06-11T08:35:48.002+0100,216,3176.767
08:35:53.095,1781163353.095,2026-06-11T08:35:53.095+0100,215,3181.860
08:35:58.188,1781163358.188,2026-06-11T08:35:58.188+0100,220,3186.953
08:36:03.280,1781163363.280,2026-06-11T08:36:03.280+0100,230,3192.046
08:36:08.373,1781163368.373,2026-06-11T08:36:08.373+0100,221,3197.139
08:36:13.466,1781163373.466,2026-06-11T08:36:13.466+0100,222,3202.232
08:36:18.559,1781163378.559,2026-06-11T08:36:18.559+0100,222,3207.325
08:36:23.653,1781163383.653,2026-06-11T08:36:23.653+0100,222,3212.418
08:36:28.746,1781163388.746,2026-06-11T08:36:28.746+0100,262,3217.511
08:36:33.839,1781163393.839,2026-06-11T08:36:33.839+0100,260,3222.604
08:36:38.932,1781163398.932,2026-06-11T08:36:38.932+0100,258,3227.697
08:36:44.025,1781163404.025,2026-06-11T08:36:44.025+0100,255,3232.790
08:36:49.118,1781163409.118,2026-06-11T08:36:49.118+0100,253,3237.883
08:36:54.211,1781163414.211,2026-06-11T08:36:54.211+0100,255,3242.976
08:36:59.304,1781163419.304,2026-06-11T08:36:59.304+0100,249,3248.069
08:37:04.397,1781163424.397,2026-06-11T08:37:04.397+0100,246,3253.162
08:37:14.583,1781163434.583,2026-06-11T08:37:14.583+0100,251,3263.348
08:37:19.676,1781163439.676,2026-06-11T08:37:19.676+0100,251,3268.441
08:37:24.769,1781163444.769,2026-06-11T08:37:24.769+0100,254,3273.534
08:37:29.862,1781163449.862,2026-06-11T08:37:29.862+0100,253,3278.627
08:37:34.955,1781163454.955,2026-06-11T08:37:34.955+0100,253,3283.720
08:37:40.048,1781163460.048,2026-06-11T08:37:40.048+0100,250,3288.813
08:37:45.141,1781163465.141,2026-06-11T08:37:45.141+0100,252,3293.906
08:37:55.327,1781163475.327,2026-06-11T08:37:55.327+0100,251,3304.092
08:38:00.420,1781163480.420,2026-06-11T08:38:00.420+0100,247,3309.185
08:38:05.513,1781163485.513,2026-06-11T08:38:05.513+0100,251,3314.278
08:38:10.606,1781163490.606,2026-06-11T08:38:10.606+0100,251,3319.371
08:38:15.699,1781163495.699,2026-06-11T08:38:15.699+0100,251,3324.464
08:38:20.792,1781163500.792,2026-06-11T08:38:20.792+0100,247,3329.557
08:38:25.885,1781163505.885,2026-06-11T08:38:25.885+0100,251,3334.650
08:38:36.071,1781163516.071,2026-06-11T08:38:36.071+0100,250,3344.836
08:38:41.164,1781163521.164,2026-06-11T08:38:41.164+0100,222,3349.929
08:38:46.257,1781163526.257,2026-06-11T08:38:46.257+0100,221,3355.022
08:38:51.350,1781163531.350,2026-06-11T08:38:51.350+0100,219,3360.115
08:38:56.443,1781163536.443,2026-06-11T08:38:56.443+0100,216,3365.208
08:39:01.536,1781163541.536,2026-06-11T08:39:01.536+0100,217,3370.301
08:39:06.629,1781163546.629,2026-06-11T08:39:06.629+0100,216,3375.394
08:39:11.722,1781163551.722,2026-06-11T08:39:11.722+0100,214,3380.487
08:39:16.815,1781163556.815,2026-06-11T08:39:16.815+0100,219,3385.580
08:39:21.908,1781163561.908,2026-06-11T08:39:21.908+0100,216,3390.673
08:39:27.001,1781163567.001,2026-06-11T08:39:27.001+0100,217,3395.766
08:39:32.094,1781163572.094,2026-06-11T08:39:32.094+0100,220,3400.859
08:39:37.187,1781163577.187,2026-06-11T08:39:37.187+0100,218,3405.952
08:39:42.280,1781163582.280,2026-06-11T08:39:42.280+0100,216,3411.045
08:39:47.373,1781163587.373,2026-06-11T08:39:47.373+0100,216,3416.138
08:39:52.466,1781163592.466,2026-06-11T08:39:52.466+0100,220,3421.231
08:39:57.559,1781163597.559,2026-06-11T08:39:57.559+0100,220,3426.325
08:40:02.652,1781163602.652,2026-06-11T08:40:02.652+0100,222,3431.417
08:40:07.745,1781163607.745,2026-06-11T08:40:07.745+0100,221,3436.510
08:40:12.838,1781163612.838,2026-06-11T08:40:12.838+0100,218,3441.603
08:40:17.931,1781163617.931,2026-06-11T08:40:17.931+0100,222,3446.696
08:40:23.024,1781163623.024,2026-06-11T08:40:23.024+0100,220,3451.789
08:40:28.117,1781163628.117,2026-06-11T08:40:28.117+0100,222,3456.882
08:40:33.210,1781163633.210,2026-06-11T08:40:33.210+0100,223,3461.975
08:40:38.303,1781163638.303,2026-06-11T08:40:38.303+0100,222,3467.068
08:40:43.396,1781163643.396,2026-06-11T08:40:43.396+0100,224,3472.161
08:40:48.489,1781163648.489,2026-06-11T08:40:48.489+0100,218,3477.254
08:40:53.582,1781163653.582,2026-06-11T08:40:53.582+0100,219,3482.347
08:40:58.675,1781163658.675,2026-06-11T08:40:58.675+0100,223,3487.440
08:41:03.768,1781163663.768,2026-06-11T08:41:03.768+0100,220,3492.533
08:41:08.861,1781163668.861,2026-06-11T08:41:08.861+0100,223,3497.626
08:41:13.954,1781163673.954,2026-06-11T08:41:13.954+0100,221,3502.719
08:41:19.047,1781163679.047,2026-06-11T08:41:19.047+0100,222,3507.812
08:41:24.140,1781163684.140,2026-06-11T08:41:24.140+0100,222,3512.905
08:41:29.233,1781163689.233,2026-06-11T08:41:29.233+0100,221,3517.998
08:41:34.326,1781163694.326,2026-06-11T08:41:34.326+0100,221,3523.091
08:41:44.512,1781163704.512,2026-06-11T08:41:44.512+0100,221,3533.277
08:41:49.605,1781163709.605,2026-06-11T08:41:49.605+0100,261,3538.370
08:41:54.698,1781163714.698,2026-06-11T08:41:54.698+0100,264,3543.463
08:41:59.791,1781163719.791,2026-06-11T08:41:59.791+0100,254,3548.556
08:42:04.884,1781163724.884,2026-06-11T08:42:04.884+0100,260,3553.649
08:42:09.977,1781163729.977,2026-06-11T08:42:09.977+0100,258,3558.742
08:42:15.070,1781163735.070,2026-06-11T08:42:15.070+0100,255,3563.835
08:42:20.163,1781163740.163,2026-06-11T08:42:20.163+0100,242,3568.928
08:42:25.256,1781163745.256,2026-06-11T08:42:25.256+0100,247,3574.021
08:42:30.349,1781163750.349,2026-06-11T08:42:30.349+0100,246,3579.114
08:42:35.442,1781163755.442,2026-06-11T08:42:35.442+0100,256,3584.207
08:42:40.535,1781163760.535,2026-06-11T08:42:40.535+0100,254,3589.300
08:42:45.628,1781163765.628,2026-06-11T08:42:45.628+0100,254,3594.393
08:42:50.721,1781163770.721,2026-06-11T08:42:50.721+0100,253,3599.486
08:42:55.814,1781163775.814,2026-06-11T08:42:55.814+0100,248,3604.579
08:43:00.907,1781163780.907,2026-06-11T08:43:00.907+0100,251,3609.672
08:43:11.093,1781163791.093,2026-06-11T08:43:11.093+0100,250,3619.858
08:43:16.186,1781163796.186,2026-06-11T08:43:16.186+0100,267,3624.951
08:43:21.279,1781163801.279,2026-06-11T08:43:21.279+0100,253,3630.044
08:43:26.372,1781163806.372,2026-06-11T08:43:26.372+0100,253,3635.137
08:43:31.465,1781163811.465,2026-06-11T08:43:31.465+0100,254,3640.230
08:43:36.558,1781163816.558,2026-06-11T08:43:36.558+0100,254,3645.323
08:43:46.744,1781163826.744,2026-06-11T08:43:46.744+0100,261,3655.509
08:43:51.837,1781163831.837,2026-06-11T08:43:51.837+0100,282,3660.602
08:43:56.930,1781163836.930,2026-06-11T08:43:56.930+0100,257,3665.695
08:44:02.023,1781163842.023,2026-06-11T08:44:02.023+0100,258,3670.788
08:44:07.116,1781163847.116,2026-06-11T08:44:07.116+0100,259,3675.881
08:44:12.209,1781163852.209,2026-06-11T08:44:12.209+0100,223,3680.975
08:44:17.302,1781163857.302,2026-06-11T08:44:17.302+0100,218,3686.068
08:44:22.395,1781163862.395,2026-06-11T08:44:22.395+0100,226,3691.161
08:44:27.488,1781163867.488,2026-06-11T08:44:27.488+0100,228,3696.254
08:44:32.581,1781163872.581,2026-06-11T08:44:32.581+0100,222,3701.347
08:44:37.674,1781163877.674,2026-06-11T08:44:37.674+0100,223,3706.440
08:44:42.767,1781163882.767,2026-06-11T08:44:42.767+0100,218,3711.533
08:44:47.860,1781163887.860,2026-06-11T08:44:47.860+0100,216,3716.626
08:44:52.953,1781163892.953,2026-06-11T08:44:52.953+0100,219,3721.719
08:44:58.046,1781163898.046,2026-06-11T08:44:58.046+0100,220,3726.812
08:45:03.139,1781163903.139,2026-06-11T08:45:03.139+0100,217,3731.905
08:45:08.232,1781163908.232,2026-06-11T08:45:08.232+0100,219,3736.998
08:45:13.325,1781163913.325,2026-06-11T08:45:13.325+0100,217,3742.091
08:45:18.418,1781163918.418,2026-06-11T08:45:18.418+0100,219,3747.184
08:45:23.511,1781163923.511,2026-06-11T08:45:23.511+0100,223,3752.277
08:45:28.604,1781163928.604,2026-06-11T08:45:28.604+0100,221,3757.370
08:45:33.697,1781163933.697,2026-06-11T08:45:33.697+0100,219,3762.463
08:45:38.790,1781163938.790,2026-06-11T08:45:38.790+0100,218,3767.556
08:45:43.883,1781163943.883,2026-06-11T08:45:43.883+0100,217,3772.649
08:45:48.976,1781163948.976,2026-06-11T08:45:48.976+0100,219,3777.742
08:45:54.069,1781163954.069,2026-06-11T08:45:54.069+0100,212,3782.835
08:45:59.162,1781163959.162,2026-06-11T08:45:59.162+0100,216,3787.928
08:46:04.255,1781163964.255,2026-06-11T08:46:04.255+0100,220,3793.021
08:46:09.348,1781163969.348,2026-06-11T08:46:09.348+0100,224,3798.114
08:46:14.441,1781163974.441,2026-06-11T08:46:14.441+0100,213,3803.207
08:46:19.534,1781163979.534,2026-06-11T08:46:19.534+0100,218,3808.300
08:46:24.627,1781163984.627,2026-06-11T08:46:24.627+0100,218,3813.393
08:46:34.813,1781163994.813,2026-06-11T08:46:34.813+0100,215,3823.579
08:46:39.906,1781163999.906,2026-06-11T08:46:39.906+0100,216,3828.672
08:46:44.999,1781164004.999,2026-06-11T08:46:44.999+0100,220,3833.765
08:46:50.092,1781164010.092,2026-06-11T08:46:50.092+0100,217,3838.858
08:46:55.185,1781164015.185,2026-06-11T08:46:55.185+0100,218,3843.951
08:47:00.278,1781164020.278,2026-06-11T08:47:00.278+0100,218,3849.044
08:47:05.371,1781164025.371,2026-06-11T08:47:05.371+0100,220,3854.137
08:47:10.464,1781164030.464,2026-06-11T08:47:10.464+0100,217,3859.230
08:47:15.557,1781164035.557,2026-06-11T08:47:15.557+0100,218,3864.323
08:47:20.650,1781164040.650,2026-06-11T08:47:20.650+0100,218,3869.416
08:47:30.836,1781164050.836,2026-06-11T08:47:30.836+0100,218,3879.602
08:47:35.929,1781164055.929,2026-06-11T08:47:35.929+0100,218,3884.695
08:47:41.022,1781164061.022,2026-06-11T08:47:41.022+0100,218,3889.788
08:47:46.115,1781164066.115,2026-06-11T08:47:46.115+0100,258,3894.881
08:47:51.208,1781164071.208,2026-06-11T08:47:51.208+0100,284,3899.974
08:47:56.301,1781164076.301,2026-06-11T08:47:56.301+0100,297,3905.067
08:48:01.394,1781164081.394,2026-06-11T08:48:01.394+0100,271,3910.160
08:48:06.487,1781164086.487,2026-06-11T08:48:06.487+0100,260,3915.253
08:48:11.580,1781164091.580,2026-06-11T08:48:11.580+0100,252,3920.346
08:48:16.673,1781164096.673,2026-06-11T08:48:16.673+0100,249,3925.439
08:48:21.766,1781164101.766,2026-06-11T08:48:21.766+0100,269,3930.532
08:48:26.859,1781164106.859,2026-06-11T08:48:26.859+0100,260,3935.625
08:48:31.952,1781164111.952,2026-06-11T08:48:31.952+0100,263,3940.718
08:48:37.045,1781164117.045,2026-06-11T08:48:37.045+0100,254,3945.811
08:48:42.138,1781164122.138,2026-06-11T08:48:42.138+0100,252,3950.904
08:48:47.231,1781164127.231,2026-06-11T08:48:47.231+0100,258,3955.997
08:48:52.324,1781164132.324,2026-06-11T08:48:52.324+0100,253,3961.090
08:48:57.417,1781164137.417,2026-06-11T08:48:57.417+0100,253,3966.183
08:49:02.510,1781164142.510,2026-06-11T08:49:02.510+0100,252,3971.276
08:49:07.603,1781164147.603,2026-06-11T08:49:07.603+0100,255,3976.369
08:49:12.696,1781164152.696,2026-06-11T08:49:12.696+0100,255,3981.462
08:49:17.789,1781164157.789,2026-06-11T08:49:17.789+0100,256,3986.555
08:49:22.882,1781164162.882,2026-06-11T08:49:22.882+0100,254,3991.648
08:49:27.975,1781164167.975,2026-06-11T08:49:27.975+0100,249,3996.741
08:49:33.069,1781164173.069,2026-06-11T08:49:33.069+0100,248,4001.834
08:49:38.162,1781164178.162,2026-06-11T08:49:38.162+0100,245,4006.927
08:49:43.255,1781164183.255,2026-06-11T08:49:43.255+0100,258,4012.020
08:49:48.348,1781164188.348,2026-06-11T08:49:48.348+0100,251,4017.113
08:49:53.441,1781164193.441,2026-06-11T08:49:53.441+0100,251,4022.206
08:49:58.534,1781164198.534,2026-06-11T08:49:58.534+0100,256,4027.299
08:50:03.627,1781164203.627,2026-06-11T08:50:03.627+0100,259,4032.392
08:50:08.720,1781164208.720,2026-06-11T08:50:08.720+0100,269,4037.485
08:50:13.813,1781164213.813,2026-06-11T08:50:13.813+0100,254,4042.579
08:50:18.906,1781164218.906,2026-06-11T08:50:18.906+0100,261,4047.672
08:50:23.999,1781164223.999,2026-06-11T08:50:23.999+0100,248,4052.765
08:50:29.092,1781164229.092,2026-06-11T08:50:29.092+0100,246,4057.858
08:50:34.185,1781164234.185,2026-06-11T08:50:34.185+0100,258,4062.951
08:50:39.278,1781164239.278,2026-06-11T08:50:39.278+0100,246,4068.044
08:50:44.371,1781164244.371,2026-06-11T08:50:44.371+0100,250,4073.137
08:50:49.464,1781164249.464,2026-06-11T08:50:49.464+0100,250,4078.230
08:50:54.557,1781164254.557,2026-06-11T08:50:54.557+0100,254,4083.323
08:50:59.650,1781164259.650,2026-06-11T08:50:59.650+0100,251,4088.416
08:51:04.743,1781164264.743,2026-06-11T08:51:04.743+0100,253,4093.509
08:51:09.836,1781164269.836,2026-06-11T08:51:09.836+0100,253,4098.602
08:51:14.929,1781164274.929,2026-06-11T08:51:14.929+0100,246,4103.695
08:51:20.022,1781164280.022,2026-06-11T08:51:20.022+0100,247,4108.788
08:51:25.115,1781164285.115,2026-06-11T08:51:25.115+0100,246,4113.881
08:51:30.208,1781164290.208,2026-06-11T08:51:30.208+0100,251,4118.974
08:51:35.301,1781164295.301,2026-06-11T08:51:35.301+0100,254,4124.067
08:51:40.394,1781164300.394,2026-06-11T08:51:40.394+0100,247,4129.160
08:51:45.487,1781164305.487,2026-06-11T08:51:45.487+0100,249,4134.253
08:51:50.580,1781164310.580,2026-06-11T08:51:50.580+0100,252,4139.346
08:51:55.673,1781164315.673,2026-06-11T08:51:55.673+0100,246,4144.439
08:52:00.766,1781164320.766,2026-06-11T08:52:00.766+0100,243,4149.532
08:52:05.860,1781164325.860,2026-06-11T08:52:05.860+0100,246,4154.625
08:52:10.953,1781164330.953,2026-06-11T08:52:10.953+0100,250,4159.718
08:52:16.046,1781164336.046,2026-06-11T08:52:16.046+0100,246,4164.811
08:52:21.139,1781164341.139,2026-06-11T08:52:21.139+0100,254,4169.904
08:52:26.232,1781164346.232,2026-06-11T08:52:26.232+0100,270,4174.997
08:52:31.325,1781164351.325,2026-06-11T08:52:31.325+0100,253,4180.090
08:52:36.418,1781164356.418,2026-06-11T08:52:36.418+0100,246,4185.183
08:52:41.511,1781164361.511,2026-06-11T08:52:41.511+0100,255,4190.276
08:52:46.604,1781164366.604,2026-06-11T08:52:46.604+0100,249,4195.370
08:52:51.697,1781164371.697,2026-06-11T08:52:51.697+0100,257,4200.463
08:52:56.790,1781164376.790,2026-06-11T08:52:56.790+0100,250,4205.556
08:53:01.883,1781164381.883,2026-06-11T08:53:01.883+0100,250,4210.649
08:53:06.976,1781164386.976,2026-06-11T08:53:06.976+0100,255,4215.742
08:53:12.069,1781164392.069,2026-06-11T08:53:12.069+0100,250,4220.835
08:53:17.162,1781164397.162,2026-06-11T08:53:17.162+0100,253,4225.928
08:53:22.255,1781164402.255,2026-06-11T08:53:22.255+0100,252,4231.021
08:53:27.348,1781164407.348,2026-06-11T08:53:27.348+0100,252,4236.114
08:53:37.534,1781164417.534,2026-06-11T08:53:37.534+0100,252,4246.300
08:53:42.627,1781164422.627,2026-06-11T08:53:42.627+0100,256,4251.393
08:53:47.720,1781164427.720,2026-06-11T08:53:47.720+0100,249,4256.486
08:53:52.813,1781164432.813,2026-06-11T08:53:52.813+0100,248,4261.579
08:53:57.906,1781164437.906,2026-06-11T08:53:57.906+0100,259,4266.672
08:54:02.999,1781164442.999,2026-06-11T08:54:02.999+0100,251,4271.765
08:54:08.092,1781164448.092,2026-06-11T08:54:08.092+0100,248,4276.858
08:54:13.185,1781164453.185,2026-06-11T08:54:13.185+0100,250,4281.951
08:54:18.278,1781164458.278,2026-06-11T08:54:18.278+0100,251,4287.044
08:54:23.371,1781164463.371,2026-06-11T08:54:23.371+0100,255,4292.137
08:54:28.464,1781164468.464,2026-06-11T08:54:28.464+0100,251,4297.230
08:54:33.557,1781164473.557,2026-06-11T08:54:33.557+0100,259,4302.323
08:54:38.650,1781164478.650,2026-06-11T08:54:38.650+0100,249,4307.416
08:54:43.743,1781164483.743,2026-06-11T08:54:43.743+0100,242,4312.509
08:54:48.836,1781164488.836,2026-06-11T08:54:48.836+0100,247,4317.602
08:54:53.929,1781164493.929,2026-06-11T08:54:53.929+0100,249,4322.695
08:54:59.022,1781164499.022,2026-06-11T08:54:59.022+0100,248,4327.788
08:55:04.115,1781164504.115,2026-06-11T08:55:04.115+0100,250,4332.881
08:55:09.208,1781164509.208,2026-06-11T08:55:09.208+0100,257,4337.974
08:55:14.301,1781164514.301,2026-06-11T08:55:14.301+0100,252,4343.067
08:55:19.395,1781164519.395,2026-06-11T08:55:19.395+0100,251,4348.160
08:55:24.488,1781164524.488,2026-06-11T08:55:24.488+0100,251,4353.253
08:55:29.581,1781164529.581,2026-06-11T08:55:29.581+0100,256,4358.346
08:55:34.674,1781164534.674,2026-06-11T08:55:34.674+0100,254,4363.439
08:55:39.767,1781164539.767,2026-06-11T08:55:39.767+0100,255,4368.532
08:55:44.860,1781164544.860,2026-06-11T08:55:44.860+0100,252,4373.625
08:55:54.627,1781164554.627,2026-06-11T08:55:54.627+0100,,4383.393
